-- --------------------------------------------------------
-- 호스트:                          127.0.0.1
-- 서버 버전:                        10.3.14-MariaDB-1:10.3.14+maria~bionic - mariadb.org binary distribution
-- 서버 OS:                        debian-linux-gnu
-- HeidiSQL 버전:                  10.1.0.5464
-- --------------------------------------------------------

/*!40101 SET @OLD_CHARACTER_SET_CLIENT=@@CHARACTER_SET_CLIENT */;
/*!40101 SET NAMES utf8 */;
/*!50503 SET NAMES utf8mb4 */;
/*!40014 SET @OLD_FOREIGN_KEY_CHECKS=@@FOREIGN_KEY_CHECKS, FOREIGN_KEY_CHECKS=0 */;
/*!40101 SET @OLD_SQL_MODE=@@SQL_MODE, SQL_MODE='NO_AUTO_VALUE_ON_ZERO' */;


-- sb201 데이터베이스 구조 내보내기
CREATE DATABASE IF NOT EXISTS `sb201` /*!40100 DEFAULT CHARACTER SET utf8mb4 COLLATE utf8mb4_unicode_ci */;
USE `sb201`;

-- 테이블 sb201.adt_audit 구조 내보내기
CREATE TABLE IF NOT EXISTS `adt_audit` (
  `audit_id` bigint(20) NOT NULL AUTO_INCREMENT,
  `member_id` bigint(20) NOT NULL,
  `category` varchar(16) NOT NULL,
  `action` varchar(16) NOT NULL,
  `ip` int(10) unsigned NOT NULL,
  `message` varchar(512) DEFAULT NULL,
  `created` datetime NOT NULL DEFAULT current_timestamp(),
  PRIMARY KEY (`audit_id`),
  KEY `ix_adtAudit_category_created` (`category`,`created`),
  KEY `ix_adtAudit_category_action_created` (`category`,`action`,`created`),
  KEY `ix_created` (`created`)
) ENGINE=InnoDB AUTO_INCREMENT=1783 DEFAULT CHARSET=utf8;

-- 테이블 데이터 sb201.adt_audit:~1,536 rows (대략적) 내보내기
/*!40000 ALTER TABLE `adt_audit` DISABLE KEYS */;
INSERT INTO `adt_audit` (`audit_id`, `member_id`, `category`, `action`, `ip`, `message`, `created`) VALUES
	(1, 1, '0001', 'LOGIN', 1, NULL, '2019-05-27 09:19:24'),
	(2, 106, '0001', 'LOGIN', 1000000, '{id:"bf99231c"}', '2019-05-27 00:22:57'),
	(3, 103, '0001', 'LOGOUT', 1000007, '{id:"ca565e50"}', '2019-05-27 00:23:15'),
	(4, 105, '0001', 'CREATED', 1000005, '{id:"ce4e49c6"}', '2019-05-27 00:23:21'),
	(5, 102, '0001', 'DELETED', 1000006, '{id:"cfed8c3c"}', '2019-05-27 00:23:24'),
	(6, 103, '0001', 'UPDATED', 1000000, '{id:"d2e5cec2"}', '2019-05-27 00:23:29'),
	(7, 109, '0002', 'CHANGED', 1000008, '{id:"dc7d0104"}', '2019-05-27 00:23:45'),
	(8, 102, '0002', 'RESTART', 1000007, '{id:"e3b87b15"}', '2019-05-27 00:23:57'),
	(9, 109, '0003', 'GENERATED', 1000004, '{id:"13052ba6"}', '2019-05-27 00:25:17'),
	(10, 105, '0004', 'ABORTED', 1000002, '{id:"21a3c74c"}', '2019-05-27 00:25:41'),
	(11, 107, '0002', 'DISK_FULL', 1000007, '{id:"28678bc7"}', '2019-05-27 00:25:52'),
	(12, 106, '0002', 'PARTITION_ERR', 1000007, '{id:"2f10f0a1"}', '2019-05-27 00:26:04'),
	(13, 101, '0001', 'LOGIN', 1000005, NULL, '2019-05-27 00:27:26'),
	(14, 101, '0001', 'LOGIN', 1000003, '{id:"bf99231c"}', '2019-05-27 00:27:26'),
	(15, 104, '0001', 'LOGOUT', 1000000, '{id:"ca565e50"}', '2019-05-27 00:27:26'),
	(16, 108, '0001', 'CREATED', 1000000, '{id:"ce4e49c6"}', '2019-05-27 00:27:26'),
	(17, 107, '0001', 'DELETED', 1000005, '{id:"cfed8c3c"}', '2019-05-27 00:27:26'),
	(18, 106, '0001', 'UPDATED', 1000004, '{id:"d2e5cec2"}', '2019-05-27 00:27:26'),
	(19, 105, '0002', 'CHANGED', 1000000, '{id:"dc7d0104"}', '2019-05-27 00:27:26'),
	(20, 108, '0002', 'RESTART', 1000000, '{id:"e3b87b15"}', '2019-05-27 00:27:26'),
	(21, 107, '0003', 'GENERATED', 1000003, '{id:"13052ba6"}', '2019-05-27 00:27:26'),
	(22, 108, '0004', 'ABORTED', 1000009, '{id:"21a3c74c"}', '2019-05-27 00:27:26'),
	(23, 100, '0002', 'DISK_FULL', 1000006, '{id:"28678bc7"}', '2019-05-27 00:27:26'),
	(24, 102, '0002', 'PARTITION_ERR', 1000001, '{id:"2f10f0a1"}', '2019-05-27 00:27:26'),
	(28, 109, '0001', 'LOGIN', 1000003, NULL, '2019-05-27 00:27:27'),
	(29, 107, '0001', 'LOGIN', 1000009, '{id:"bf99231c"}', '2019-05-27 00:27:27'),
	(30, 103, '0001', 'LOGOUT', 1000008, '{id:"ca565e50"}', '2019-05-27 00:27:27'),
	(31, 103, '0001', 'CREATED', 1000003, '{id:"ce4e49c6"}', '2019-05-27 00:27:27'),
	(32, 103, '0001', 'DELETED', 1000009, '{id:"cfed8c3c"}', '2019-05-27 00:27:27'),
	(33, 106, '0001', 'UPDATED', 1000002, '{id:"d2e5cec2"}', '2019-05-27 00:27:27'),
	(34, 103, '0002', 'CHANGED', 1000000, '{id:"dc7d0104"}', '2019-05-27 00:27:27'),
	(35, 100, '0002', 'RESTART', 1000009, '{id:"e3b87b15"}', '2019-05-27 00:27:27'),
	(36, 109, '0003', 'GENERATED', 1000005, '{id:"13052ba6"}', '2019-05-27 00:27:27'),
	(37, 101, '0004', 'ABORTED', 1000008, '{id:"21a3c74c"}', '2019-05-27 00:27:27'),
	(38, 108, '0002', 'DISK_FULL', 1000005, '{id:"28678bc7"}', '2019-05-27 00:27:27'),
	(39, 103, '0002', 'PARTITION_ERR', 1000000, '{id:"2f10f0a1"}', '2019-05-27 00:27:27'),
	(40, 100, '0001', 'LOGIN', 1000004, NULL, '2019-05-27 00:27:27'),
	(41, 107, '0001', 'LOGIN', 1000006, '{id:"bf99231c"}', '2019-05-27 00:27:27'),
	(42, 108, '0001', 'LOGOUT', 1000001, '{id:"ca565e50"}', '2019-05-27 00:27:27'),
	(43, 104, '0001', 'CREATED', 1000006, '{id:"ce4e49c6"}', '2019-05-27 00:27:27'),
	(44, 107, '0001', 'DELETED', 1000001, '{id:"cfed8c3c"}', '2019-05-27 00:27:27'),
	(45, 103, '0001', 'UPDATED', 1000001, '{id:"d2e5cec2"}', '2019-05-27 00:27:27'),
	(46, 106, '0002', 'CHANGED', 1000007, '{id:"dc7d0104"}', '2019-05-27 00:27:27'),
	(47, 107, '0002', 'RESTART', 1000007, '{id:"e3b87b15"}', '2019-05-27 00:27:27'),
	(48, 104, '0003', 'GENERATED', 1000009, '{id:"13052ba6"}', '2019-05-27 00:27:27'),
	(49, 103, '0004', 'ABORTED', 1000000, '{id:"21a3c74c"}', '2019-05-27 00:27:27'),
	(50, 101, '0002', 'DISK_FULL', 1000005, '{id:"28678bc7"}', '2019-05-27 00:27:27'),
	(51, 102, '0002', 'PARTITION_ERR', 1000007, '{id:"2f10f0a1"}', '2019-05-27 00:27:27'),
	(59, 100, '0001', 'LOGIN', 1000009, NULL, '2019-05-27 00:27:27'),
	(60, 105, '0001', 'LOGIN', 1000008, '{id:"bf99231c"}', '2019-05-27 00:27:27'),
	(61, 106, '0001', 'LOGOUT', 1000006, '{id:"ca565e50"}', '2019-05-27 00:27:27'),
	(62, 101, '0001', 'CREATED', 1000000, '{id:"ce4e49c6"}', '2019-05-27 00:27:27'),
	(63, 107, '0001', 'DELETED', 1000005, '{id:"cfed8c3c"}', '2019-05-27 00:27:27'),
	(64, 105, '0001', 'UPDATED', 1000002, '{id:"d2e5cec2"}', '2019-05-27 00:27:27'),
	(65, 104, '0002', 'CHANGED', 1000006, '{id:"dc7d0104"}', '2019-05-27 00:27:27'),
	(66, 108, '0002', 'RESTART', 1000004, '{id:"e3b87b15"}', '2019-05-27 00:27:27'),
	(67, 106, '0003', 'GENERATED', 1000000, '{id:"13052ba6"}', '2019-05-27 00:27:27'),
	(68, 100, '0004', 'ABORTED', 1000003, '{id:"21a3c74c"}', '2019-05-27 00:27:27'),
	(69, 106, '0002', 'DISK_FULL', 1000000, '{id:"28678bc7"}', '2019-05-27 00:27:27'),
	(70, 101, '0002', 'PARTITION_ERR', 1000008, '{id:"2f10f0a1"}', '2019-05-27 00:27:27'),
	(71, 108, '0001', 'LOGIN', 1000004, NULL, '2019-05-27 00:27:27'),
	(72, 108, '0001', 'LOGIN', 1000006, '{id:"bf99231c"}', '2019-05-27 00:27:27'),
	(73, 108, '0001', 'LOGOUT', 1000004, '{id:"ca565e50"}', '2019-05-27 00:27:27'),
	(74, 106, '0001', 'CREATED', 1000007, '{id:"ce4e49c6"}', '2019-05-27 00:27:27'),
	(75, 109, '0001', 'DELETED', 1000003, '{id:"cfed8c3c"}', '2019-05-27 00:27:27'),
	(76, 101, '0001', 'UPDATED', 1000006, '{id:"d2e5cec2"}', '2019-05-27 00:27:27'),
	(77, 109, '0002', 'CHANGED', 1000004, '{id:"dc7d0104"}', '2019-05-27 00:27:27'),
	(78, 107, '0002', 'RESTART', 1000002, '{id:"e3b87b15"}', '2019-05-27 00:27:27'),
	(79, 100, '0003', 'GENERATED', 1000004, '{id:"13052ba6"}', '2019-05-27 00:27:27'),
	(80, 101, '0004', 'ABORTED', 1000005, '{id:"21a3c74c"}', '2019-05-27 00:27:27'),
	(81, 101, '0002', 'DISK_FULL', 1000000, '{id:"28678bc7"}', '2019-05-27 00:27:27'),
	(82, 100, '0002', 'PARTITION_ERR', 1000008, '{id:"2f10f0a1"}', '2019-05-27 00:27:27'),
	(83, 103, '0001', 'LOGIN', 1000000, NULL, '2019-05-27 00:27:27'),
	(84, 101, '0001', 'LOGIN', 1000007, '{id:"bf99231c"}', '2019-05-27 00:27:27'),
	(85, 102, '0001', 'LOGOUT', 1000001, '{id:"ca565e50"}', '2019-05-27 00:27:27'),
	(86, 108, '0001', 'CREATED', 1000007, '{id:"ce4e49c6"}', '2019-05-27 00:27:27'),
	(87, 104, '0001', 'DELETED', 1000009, '{id:"cfed8c3c"}', '2019-05-27 00:27:27'),
	(88, 102, '0001', 'UPDATED', 1000002, '{id:"d2e5cec2"}', '2019-05-27 00:27:27'),
	(89, 108, '0002', 'CHANGED', 1000002, '{id:"dc7d0104"}', '2019-05-27 00:27:27'),
	(90, 107, '0002', 'RESTART', 1000001, '{id:"e3b87b15"}', '2019-05-27 00:27:27'),
	(91, 105, '0003', 'GENERATED', 1000001, '{id:"13052ba6"}', '2019-05-27 00:27:27'),
	(92, 109, '0004', 'ABORTED', 1000003, '{id:"21a3c74c"}', '2019-05-27 00:27:27'),
	(93, 109, '0002', 'DISK_FULL', 1000005, '{id:"28678bc7"}', '2019-05-27 00:27:27'),
	(94, 101, '0002', 'PARTITION_ERR', 1000009, '{id:"2f10f0a1"}', '2019-05-27 00:27:27'),
	(95, 101, '0001', 'LOGIN', 1000009, NULL, '2019-05-27 00:27:27'),
	(96, 103, '0001', 'LOGIN', 1000007, '{id:"bf99231c"}', '2019-05-27 00:27:27'),
	(97, 106, '0001', 'LOGOUT', 1000001, '{id:"ca565e50"}', '2019-05-27 00:27:27'),
	(98, 106, '0001', 'CREATED', 1000008, '{id:"ce4e49c6"}', '2019-05-27 00:27:27'),
	(99, 101, '0001', 'DELETED', 1000004, '{id:"cfed8c3c"}', '2019-05-27 00:27:27'),
	(100, 105, '0001', 'UPDATED', 1000003, '{id:"d2e5cec2"}', '2019-05-27 00:27:27'),
	(101, 101, '0002', 'CHANGED', 1000007, '{id:"dc7d0104"}', '2019-05-27 00:27:27'),
	(102, 104, '0002', 'RESTART', 1000008, '{id:"e3b87b15"}', '2019-05-27 00:27:27'),
	(103, 100, '0003', 'GENERATED', 1000007, '{id:"13052ba6"}', '2019-05-27 00:27:27'),
	(104, 105, '0004', 'ABORTED', 1000005, '{id:"21a3c74c"}', '2019-05-27 00:27:27'),
	(105, 102, '0002', 'DISK_FULL', 1000003, '{id:"28678bc7"}', '2019-05-27 00:27:27'),
	(106, 102, '0002', 'PARTITION_ERR', 1000000, '{id:"2f10f0a1"}', '2019-05-27 00:27:27'),
	(122, 106, '0001', 'LOGIN', 1000002, NULL, '2019-05-27 00:27:27'),
	(123, 109, '0001', 'LOGIN', 1000002, '{id:"bf99231c"}', '2019-05-27 00:27:27'),
	(124, 103, '0001', 'LOGOUT', 1000009, '{id:"ca565e50"}', '2019-05-27 00:27:27'),
	(125, 105, '0001', 'CREATED', 1000009, '{id:"ce4e49c6"}', '2019-05-27 00:27:27'),
	(126, 100, '0001', 'DELETED', 1000005, '{id:"cfed8c3c"}', '2019-05-27 00:27:27'),
	(127, 106, '0001', 'UPDATED', 1000004, '{id:"d2e5cec2"}', '2019-05-27 00:27:27'),
	(128, 105, '0002', 'CHANGED', 1000001, '{id:"dc7d0104"}', '2019-05-27 00:27:27'),
	(129, 100, '0002', 'RESTART', 1000000, '{id:"e3b87b15"}', '2019-05-27 00:27:27'),
	(130, 109, '0003', 'GENERATED', 1000005, '{id:"13052ba6"}', '2019-05-27 00:27:27'),
	(131, 109, '0004', 'ABORTED', 1000003, '{id:"21a3c74c"}', '2019-05-27 00:27:27'),
	(132, 105, '0002', 'DISK_FULL', 1000009, '{id:"28678bc7"}', '2019-05-27 00:27:27'),
	(133, 108, '0002', 'PARTITION_ERR', 1000006, '{id:"2f10f0a1"}', '2019-05-27 00:27:27'),
	(134, 107, '0001', 'LOGIN', 1000009, NULL, '2019-05-27 00:27:27'),
	(135, 101, '0001', 'LOGIN', 1000009, '{id:"bf99231c"}', '2019-05-27 00:27:27'),
	(136, 105, '0001', 'LOGOUT', 1000007, '{id:"ca565e50"}', '2019-05-27 00:27:27'),
	(137, 100, '0001', 'CREATED', 1000001, '{id:"ce4e49c6"}', '2019-05-27 00:27:27'),
	(138, 107, '0001', 'DELETED', 1000009, '{id:"cfed8c3c"}', '2019-05-27 00:27:27'),
	(139, 106, '0001', 'UPDATED', 1000002, '{id:"d2e5cec2"}', '2019-05-27 00:27:27'),
	(140, 104, '0002', 'CHANGED', 1000004, '{id:"dc7d0104"}', '2019-05-27 00:27:27'),
	(141, 107, '0002', 'RESTART', 1000005, '{id:"e3b87b15"}', '2019-05-27 00:27:27'),
	(142, 104, '0003', 'GENERATED', 1000004, '{id:"13052ba6"}', '2019-05-27 00:27:27'),
	(143, 109, '0004', 'ABORTED', 1000004, '{id:"21a3c74c"}', '2019-05-27 00:27:27'),
	(144, 105, '0002', 'DISK_FULL', 1000002, '{id:"28678bc7"}', '2019-05-27 00:27:27'),
	(145, 105, '0002', 'PARTITION_ERR', 1000001, '{id:"2f10f0a1"}', '2019-05-27 00:27:27'),
	(146, 101, '0001', 'LOGIN', 1000003, NULL, '2019-05-27 00:27:27'),
	(147, 103, '0001', 'LOGIN', 1000007, '{id:"bf99231c"}', '2019-05-27 00:27:27'),
	(148, 106, '0001', 'LOGOUT', 1000001, '{id:"ca565e50"}', '2019-05-27 00:27:27'),
	(149, 107, '0001', 'CREATED', 1000003, '{id:"ce4e49c6"}', '2019-05-27 00:27:27'),
	(150, 105, '0001', 'DELETED', 1000004, '{id:"cfed8c3c"}', '2019-05-27 00:27:27'),
	(151, 105, '0001', 'UPDATED', 1000005, '{id:"d2e5cec2"}', '2019-05-27 00:27:27'),
	(152, 102, '0002', 'CHANGED', 1000002, '{id:"dc7d0104"}', '2019-05-27 00:27:27'),
	(153, 108, '0002', 'RESTART', 1000003, '{id:"e3b87b15"}', '2019-05-27 00:27:27'),
	(154, 102, '0003', 'GENERATED', 1000002, '{id:"13052ba6"}', '2019-05-27 00:27:27'),
	(155, 105, '0004', 'ABORTED', 1000001, '{id:"21a3c74c"}', '2019-05-27 00:27:27'),
	(156, 108, '0002', 'DISK_FULL', 1000000, '{id:"28678bc7"}', '2019-05-27 00:27:27'),
	(157, 106, '0002', 'PARTITION_ERR', 1000002, '{id:"2f10f0a1"}', '2019-05-27 00:27:27'),
	(158, 101, '0001', 'LOGIN', 1000008, NULL, '2019-05-27 00:27:27'),
	(159, 109, '0001', 'LOGIN', 1000001, '{id:"bf99231c"}', '2019-05-27 00:27:27'),
	(160, 107, '0001', 'LOGOUT', 1000005, '{id:"ca565e50"}', '2019-05-27 00:27:27'),
	(161, 103, '0001', 'CREATED', 1000009, '{id:"ce4e49c6"}', '2019-05-27 00:27:27'),
	(162, 109, '0001', 'DELETED', 1000007, '{id:"cfed8c3c"}', '2019-05-27 00:27:27'),
	(163, 100, '0001', 'UPDATED', 1000007, '{id:"d2e5cec2"}', '2019-05-27 00:27:27'),
	(164, 108, '0002', 'CHANGED', 1000009, '{id:"dc7d0104"}', '2019-05-27 00:27:27'),
	(165, 109, '0002', 'RESTART', 1000002, '{id:"e3b87b15"}', '2019-05-27 00:27:27'),
	(166, 102, '0003', 'GENERATED', 1000004, '{id:"13052ba6"}', '2019-05-27 00:27:27'),
	(167, 106, '0004', 'ABORTED', 1000006, '{id:"21a3c74c"}', '2019-05-27 00:27:27'),
	(168, 103, '0002', 'DISK_FULL', 1000008, '{id:"28678bc7"}', '2019-05-27 00:27:27'),
	(169, 100, '0002', 'PARTITION_ERR', 1000007, '{id:"2f10f0a1"}', '2019-05-27 00:27:27'),
	(170, 104, '0001', 'LOGIN', 1000002, NULL, '2019-05-27 00:27:27'),
	(171, 106, '0001', 'LOGIN', 1000004, '{id:"bf99231c"}', '2019-05-27 00:27:27'),
	(172, 104, '0001', 'LOGOUT', 1000009, '{id:"ca565e50"}', '2019-05-27 00:27:27'),
	(173, 101, '0001', 'CREATED', 1000009, '{id:"ce4e49c6"}', '2019-05-27 00:27:27'),
	(174, 104, '0001', 'DELETED', 1000005, '{id:"cfed8c3c"}', '2019-05-27 00:27:27'),
	(175, 100, '0001', 'UPDATED', 1000009, '{id:"d2e5cec2"}', '2019-05-27 00:27:27'),
	(176, 103, '0002', 'CHANGED', 1000001, '{id:"dc7d0104"}', '2019-05-27 00:27:27'),
	(177, 104, '0002', 'RESTART', 1000008, '{id:"e3b87b15"}', '2019-05-27 00:27:27'),
	(178, 108, '0003', 'GENERATED', 1000007, '{id:"13052ba6"}', '2019-05-27 00:27:27'),
	(179, 103, '0004', 'ABORTED', 1000005, '{id:"21a3c74c"}', '2019-05-27 00:27:27'),
	(180, 107, '0002', 'DISK_FULL', 1000001, '{id:"28678bc7"}', '2019-05-27 00:27:27'),
	(181, 102, '0002', 'PARTITION_ERR', 1000009, '{id:"2f10f0a1"}', '2019-05-27 00:27:27'),
	(182, 100, '0001', 'LOGIN', 1000004, NULL, '2019-05-27 00:27:27'),
	(183, 100, '0001', 'LOGIN', 1000009, '{id:"bf99231c"}', '2019-05-27 00:27:27'),
	(184, 104, '0001', 'LOGOUT', 1000004, '{id:"ca565e50"}', '2019-05-27 00:27:27'),
	(185, 108, '0001', 'CREATED', 1000000, '{id:"ce4e49c6"}', '2019-05-27 00:27:27'),
	(186, 107, '0001', 'DELETED', 1000005, '{id:"cfed8c3c"}', '2019-05-27 00:27:27'),
	(187, 105, '0001', 'UPDATED', 1000002, '{id:"d2e5cec2"}', '2019-05-27 00:27:27'),
	(188, 104, '0002', 'CHANGED', 1000005, '{id:"dc7d0104"}', '2019-05-27 00:27:27'),
	(189, 105, '0002', 'RESTART', 1000008, '{id:"e3b87b15"}', '2019-05-27 00:27:27'),
	(190, 104, '0003', 'GENERATED', 1000000, '{id:"13052ba6"}', '2019-05-27 00:27:27'),
	(191, 107, '0004', 'ABORTED', 1000008, '{id:"21a3c74c"}', '2019-05-27 00:27:27'),
	(192, 107, '0002', 'DISK_FULL', 1000001, '{id:"28678bc7"}', '2019-05-27 00:27:27'),
	(193, 106, '0002', 'PARTITION_ERR', 1000009, '{id:"2f10f0a1"}', '2019-05-27 00:27:27'),
	(194, 106, '0001', 'LOGIN', 1000001, NULL, '2019-05-27 00:27:27'),
	(195, 101, '0001', 'LOGIN', 1000002, '{id:"bf99231c"}', '2019-05-27 00:27:27'),
	(196, 108, '0001', 'LOGOUT', 1000005, '{id:"ca565e50"}', '2019-05-27 00:27:27'),
	(197, 102, '0001', 'CREATED', 1000005, '{id:"ce4e49c6"}', '2019-05-27 00:27:27'),
	(198, 100, '0001', 'DELETED', 1000004, '{id:"cfed8c3c"}', '2019-05-27 00:27:27'),
	(199, 100, '0001', 'UPDATED', 1000001, '{id:"d2e5cec2"}', '2019-05-27 00:27:27'),
	(200, 104, '0002', 'CHANGED', 1000007, '{id:"dc7d0104"}', '2019-05-27 00:27:27'),
	(201, 105, '0002', 'RESTART', 1000004, '{id:"e3b87b15"}', '2019-05-27 00:27:27'),
	(202, 104, '0003', 'GENERATED', 1000001, '{id:"13052ba6"}', '2019-05-27 00:27:27'),
	(203, 103, '0004', 'ABORTED', 1000001, '{id:"21a3c74c"}', '2019-05-27 00:27:27'),
	(204, 108, '0002', 'DISK_FULL', 1000005, '{id:"28678bc7"}', '2019-05-27 00:27:27'),
	(205, 102, '0002', 'PARTITION_ERR', 1000007, '{id:"2f10f0a1"}', '2019-05-27 00:27:27'),
	(206, 100, '0001', 'LOGIN', 1000000, NULL, '2019-05-27 00:27:27'),
	(207, 101, '0001', 'LOGIN', 1000005, '{id:"bf99231c"}', '2019-05-27 00:27:27'),
	(208, 104, '0001', 'LOGOUT', 1000003, '{id:"ca565e50"}', '2019-05-27 00:27:27'),
	(209, 104, '0001', 'CREATED', 1000002, '{id:"ce4e49c6"}', '2019-05-27 00:27:27'),
	(210, 109, '0001', 'DELETED', 1000007, '{id:"cfed8c3c"}', '2019-05-27 00:27:27'),
	(211, 100, '0001', 'UPDATED', 1000009, '{id:"d2e5cec2"}', '2019-05-27 00:27:27'),
	(212, 104, '0002', 'CHANGED', 1000004, '{id:"dc7d0104"}', '2019-05-27 00:27:27'),
	(213, 108, '0002', 'RESTART', 1000009, '{id:"e3b87b15"}', '2019-05-27 00:27:27'),
	(214, 103, '0003', 'GENERATED', 1000009, '{id:"13052ba6"}', '2019-05-27 00:27:27'),
	(215, 107, '0004', 'ABORTED', 1000009, '{id:"21a3c74c"}', '2019-05-27 00:27:27'),
	(216, 102, '0002', 'DISK_FULL', 1000004, '{id:"28678bc7"}', '2019-05-27 00:27:27'),
	(217, 106, '0002', 'PARTITION_ERR', 1000007, '{id:"2f10f0a1"}', '2019-05-27 00:27:27'),
	(249, 108, '0001', 'LOGIN', 1000000, NULL, '2019-05-27 00:27:29'),
	(250, 105, '0001', 'LOGIN', 1000007, '{id:"bf99231c"}', '2019-05-27 00:27:29'),
	(251, 100, '0001', 'LOGOUT', 1000000, '{id:"ca565e50"}', '2019-05-27 00:27:29'),
	(252, 108, '0001', 'CREATED', 1000003, '{id:"ce4e49c6"}', '2019-05-27 00:27:29'),
	(253, 102, '0001', 'DELETED', 1000002, '{id:"cfed8c3c"}', '2019-05-27 00:27:29'),
	(254, 104, '0001', 'UPDATED', 1000003, '{id:"d2e5cec2"}', '2019-05-27 00:27:29'),
	(255, 103, '0002', 'CHANGED', 1000006, '{id:"dc7d0104"}', '2019-05-27 00:27:29'),
	(256, 103, '0002', 'RESTART', 1000007, '{id:"e3b87b15"}', '2019-05-27 00:27:29'),
	(257, 105, '0003', 'GENERATED', 1000004, '{id:"13052ba6"}', '2019-05-27 00:27:29'),
	(258, 106, '0004', 'ABORTED', 1000008, '{id:"21a3c74c"}', '2019-05-27 00:27:29'),
	(259, 105, '0002', 'DISK_FULL', 1000009, '{id:"28678bc7"}', '2019-05-27 00:27:29'),
	(260, 102, '0002', 'PARTITION_ERR', 1000003, '{id:"2f10f0a1"}', '2019-05-27 00:27:29'),
	(261, 101, '0001', 'LOGIN', 1000004, NULL, '2019-05-27 00:27:29'),
	(262, 100, '0001', 'LOGIN', 1000009, '{id:"bf99231c"}', '2019-05-27 00:27:29'),
	(263, 103, '0001', 'LOGOUT', 1000009, '{id:"ca565e50"}', '2019-05-27 00:27:29'),
	(264, 106, '0001', 'CREATED', 1000004, '{id:"ce4e49c6"}', '2019-05-27 00:27:29'),
	(265, 102, '0001', 'DELETED', 1000008, '{id:"cfed8c3c"}', '2019-05-27 00:27:29'),
	(266, 105, '0001', 'UPDATED', 1000003, '{id:"d2e5cec2"}', '2019-05-27 00:27:29'),
	(267, 108, '0002', 'CHANGED', 1000003, '{id:"dc7d0104"}', '2019-05-27 00:27:29'),
	(268, 100, '0002', 'RESTART', 1000003, '{id:"e3b87b15"}', '2019-05-27 00:27:29'),
	(269, 107, '0003', 'GENERATED', 1000005, '{id:"13052ba6"}', '2019-05-27 00:27:29'),
	(270, 106, '0004', 'ABORTED', 1000006, '{id:"21a3c74c"}', '2019-05-27 00:27:29'),
	(271, 103, '0002', 'DISK_FULL', 1000006, '{id:"28678bc7"}', '2019-05-27 00:27:29'),
	(272, 103, '0002', 'PARTITION_ERR', 1000005, '{id:"2f10f0a1"}', '2019-05-27 00:27:29'),
	(273, 109, '0001', 'LOGIN', 1000001, NULL, '2019-05-27 00:27:29'),
	(274, 106, '0001', 'LOGIN', 1000001, '{id:"bf99231c"}', '2019-05-27 00:27:29'),
	(275, 104, '0001', 'LOGOUT', 1000008, '{id:"ca565e50"}', '2019-05-27 00:27:29'),
	(276, 109, '0001', 'CREATED', 1000000, '{id:"ce4e49c6"}', '2019-05-27 00:27:29'),
	(277, 104, '0001', 'DELETED', 1000001, '{id:"cfed8c3c"}', '2019-05-27 00:27:29'),
	(278, 104, '0001', 'UPDATED', 1000005, '{id:"d2e5cec2"}', '2019-05-27 00:27:29'),
	(279, 107, '0002', 'CHANGED', 1000009, '{id:"dc7d0104"}', '2019-05-27 00:27:29'),
	(280, 105, '0002', 'RESTART', 1000000, '{id:"e3b87b15"}', '2019-05-27 00:27:29'),
	(281, 104, '0003', 'GENERATED', 1000001, '{id:"13052ba6"}', '2019-05-27 00:27:29'),
	(282, 105, '0004', 'ABORTED', 1000002, '{id:"21a3c74c"}', '2019-05-27 00:27:29'),
	(283, 103, '0002', 'DISK_FULL', 1000001, '{id:"28678bc7"}', '2019-05-27 00:27:29'),
	(284, 108, '0002', 'PARTITION_ERR', 1000005, '{id:"2f10f0a1"}', '2019-05-27 00:27:29'),
	(285, 101, '0001', 'LOGIN', 1000001, NULL, '2019-05-27 00:27:29'),
	(286, 102, '0001', 'LOGIN', 1000009, '{id:"bf99231c"}', '2019-05-27 00:27:29'),
	(287, 101, '0001', 'LOGOUT', 1000006, '{id:"ca565e50"}', '2019-05-27 00:27:29'),
	(288, 100, '0001', 'CREATED', 1000000, '{id:"ce4e49c6"}', '2019-05-27 00:27:29'),
	(289, 101, '0001', 'DELETED', 1000007, '{id:"cfed8c3c"}', '2019-05-27 00:27:29'),
	(290, 101, '0001', 'UPDATED', 1000006, '{id:"d2e5cec2"}', '2019-05-27 00:27:29'),
	(291, 108, '0002', 'CHANGED', 1000003, '{id:"dc7d0104"}', '2019-05-27 00:27:29'),
	(292, 101, '0002', 'RESTART', 1000004, '{id:"e3b87b15"}', '2019-05-27 00:27:29'),
	(293, 100, '0003', 'GENERATED', 1000008, '{id:"13052ba6"}', '2019-05-27 00:27:29'),
	(294, 101, '0004', 'ABORTED', 1000001, '{id:"21a3c74c"}', '2019-05-27 00:27:29'),
	(295, 103, '0002', 'DISK_FULL', 1000000, '{id:"28678bc7"}', '2019-05-27 00:27:29'),
	(296, 105, '0002', 'PARTITION_ERR', 1000003, '{id:"2f10f0a1"}', '2019-05-27 00:27:29'),
	(297, 100, '0001', 'LOGIN', 1000004, NULL, '2019-05-27 00:27:29'),
	(298, 109, '0001', 'LOGIN', 1000006, '{id:"bf99231c"}', '2019-05-27 00:27:29'),
	(299, 101, '0001', 'LOGOUT', 1000007, '{id:"ca565e50"}', '2019-05-27 00:27:29'),
	(300, 105, '0001', 'CREATED', 1000004, '{id:"ce4e49c6"}', '2019-05-27 00:27:29'),
	(301, 104, '0001', 'DELETED', 1000008, '{id:"cfed8c3c"}', '2019-05-27 00:27:29'),
	(302, 108, '0001', 'UPDATED', 1000009, '{id:"d2e5cec2"}', '2019-05-27 00:27:29'),
	(303, 109, '0002', 'CHANGED', 1000008, '{id:"dc7d0104"}', '2019-05-27 00:27:29'),
	(304, 103, '0002', 'RESTART', 1000004, '{id:"e3b87b15"}', '2019-05-27 00:27:29'),
	(305, 102, '0003', 'GENERATED', 1000008, '{id:"13052ba6"}', '2019-05-27 00:27:29'),
	(306, 105, '0004', 'ABORTED', 1000001, '{id:"21a3c74c"}', '2019-05-27 00:27:29'),
	(307, 102, '0002', 'DISK_FULL', 1000004, '{id:"28678bc7"}', '2019-05-27 00:27:29'),
	(308, 108, '0002', 'PARTITION_ERR', 1000006, '{id:"2f10f0a1"}', '2019-05-27 00:27:29'),
	(309, 109, '0001', 'LOGIN', 1000008, NULL, '2019-05-27 00:27:29'),
	(310, 101, '0001', 'LOGIN', 1000004, '{id:"bf99231c"}', '2019-05-27 00:27:29'),
	(311, 108, '0001', 'LOGOUT', 1000008, '{id:"ca565e50"}', '2019-05-27 00:27:29'),
	(312, 105, '0001', 'CREATED', 1000004, '{id:"ce4e49c6"}', '2019-05-27 00:27:29'),
	(313, 105, '0001', 'DELETED', 1000003, '{id:"cfed8c3c"}', '2019-05-27 00:27:29'),
	(314, 102, '0001', 'UPDATED', 1000000, '{id:"d2e5cec2"}', '2019-05-27 00:27:29'),
	(315, 107, '0002', 'CHANGED', 1000003, '{id:"dc7d0104"}', '2019-05-27 00:27:29'),
	(316, 106, '0002', 'RESTART', 1000009, '{id:"e3b87b15"}', '2019-05-27 00:27:29'),
	(317, 109, '0003', 'GENERATED', 1000000, '{id:"13052ba6"}', '2019-05-27 00:27:29'),
	(318, 104, '0004', 'ABORTED', 1000008, '{id:"21a3c74c"}', '2019-05-27 00:27:29'),
	(319, 101, '0002', 'DISK_FULL', 1000000, '{id:"28678bc7"}', '2019-05-27 00:27:29'),
	(320, 109, '0002', 'PARTITION_ERR', 1000006, '{id:"2f10f0a1"}', '2019-05-27 00:27:29'),
	(321, 104, '0001', 'LOGIN', 1000003, NULL, '2019-05-27 00:27:29'),
	(322, 104, '0001', 'LOGIN', 1000009, '{id:"bf99231c"}', '2019-05-27 00:27:29'),
	(323, 103, '0001', 'LOGOUT', 1000001, '{id:"ca565e50"}', '2019-05-27 00:27:29'),
	(324, 107, '0001', 'CREATED', 1000003, '{id:"ce4e49c6"}', '2019-05-27 00:27:29'),
	(325, 106, '0001', 'DELETED', 1000008, '{id:"cfed8c3c"}', '2019-05-27 00:27:29'),
	(326, 103, '0001', 'UPDATED', 1000001, '{id:"d2e5cec2"}', '2019-05-27 00:27:29'),
	(327, 105, '0002', 'CHANGED', 1000005, '{id:"dc7d0104"}', '2019-05-27 00:27:29'),
	(328, 102, '0002', 'RESTART', 1000004, '{id:"e3b87b15"}', '2019-05-27 00:27:29'),
	(329, 102, '0003', 'GENERATED', 1000002, '{id:"13052ba6"}', '2019-05-27 00:27:29'),
	(330, 102, '0004', 'ABORTED', 1000007, '{id:"21a3c74c"}', '2019-05-27 00:27:29'),
	(331, 100, '0002', 'DISK_FULL', 1000007, '{id:"28678bc7"}', '2019-05-27 00:27:29'),
	(332, 105, '0002', 'PARTITION_ERR', 1000004, '{id:"2f10f0a1"}', '2019-05-27 00:27:29'),
	(333, 108, '0001', 'LOGIN', 1000006, NULL, '2019-05-27 00:27:29'),
	(334, 108, '0001', 'LOGIN', 1000002, '{id:"bf99231c"}', '2019-05-27 00:27:29'),
	(335, 106, '0001', 'LOGOUT', 1000005, '{id:"ca565e50"}', '2019-05-27 00:27:29'),
	(336, 107, '0001', 'CREATED', 1000002, '{id:"ce4e49c6"}', '2019-05-27 00:27:29'),
	(337, 100, '0001', 'DELETED', 1000003, '{id:"cfed8c3c"}', '2019-05-27 00:27:29'),
	(338, 105, '0001', 'UPDATED', 1000006, '{id:"d2e5cec2"}', '2019-05-27 00:27:29'),
	(339, 104, '0002', 'CHANGED', 1000006, '{id:"dc7d0104"}', '2019-05-27 00:27:29'),
	(340, 107, '0002', 'RESTART', 1000007, '{id:"e3b87b15"}', '2019-05-27 00:27:29'),
	(341, 104, '0003', 'GENERATED', 1000008, '{id:"13052ba6"}', '2019-05-27 00:27:29'),
	(342, 101, '0004', 'ABORTED', 1000000, '{id:"21a3c74c"}', '2019-05-27 00:27:29'),
	(343, 106, '0002', 'DISK_FULL', 1000003, '{id:"28678bc7"}', '2019-05-27 00:27:29'),
	(344, 108, '0002', 'PARTITION_ERR', 1000009, '{id:"2f10f0a1"}', '2019-05-27 00:27:29'),
	(345, 103, '0001', 'LOGIN', 1000000, NULL, '2019-05-27 00:27:29'),
	(346, 101, '0001', 'LOGIN', 1000003, '{id:"bf99231c"}', '2019-05-27 00:27:29'),
	(347, 104, '0001', 'LOGOUT', 1000003, '{id:"ca565e50"}', '2019-05-27 00:27:29'),
	(348, 102, '0001', 'CREATED', 1000002, '{id:"ce4e49c6"}', '2019-05-27 00:27:29'),
	(349, 102, '0001', 'DELETED', 1000008, '{id:"cfed8c3c"}', '2019-05-27 00:27:29'),
	(350, 102, '0001', 'UPDATED', 1000008, '{id:"d2e5cec2"}', '2019-05-27 00:27:29'),
	(351, 103, '0002', 'CHANGED', 1000004, '{id:"dc7d0104"}', '2019-05-27 00:27:29'),
	(352, 109, '0002', 'RESTART', 1000004, '{id:"e3b87b15"}', '2019-05-27 00:27:29'),
	(353, 102, '0003', 'GENERATED', 1000000, '{id:"13052ba6"}', '2019-05-27 00:27:29'),
	(354, 102, '0004', 'ABORTED', 1000004, '{id:"21a3c74c"}', '2019-05-27 00:27:29'),
	(355, 102, '0002', 'DISK_FULL', 1000000, '{id:"28678bc7"}', '2019-05-27 00:27:29'),
	(356, 106, '0002', 'PARTITION_ERR', 1000009, '{id:"2f10f0a1"}', '2019-05-27 00:27:29'),
	(357, 107, '0001', 'LOGIN', 1000009, NULL, '2019-05-27 00:27:29'),
	(358, 105, '0001', 'LOGIN', 1000000, '{id:"bf99231c"}', '2019-05-27 00:27:29'),
	(359, 105, '0001', 'LOGOUT', 1000004, '{id:"ca565e50"}', '2019-05-27 00:27:29'),
	(360, 104, '0001', 'CREATED', 1000000, '{id:"ce4e49c6"}', '2019-05-27 00:27:29'),
	(361, 108, '0001', 'DELETED', 1000003, '{id:"cfed8c3c"}', '2019-05-27 00:27:29'),
	(362, 109, '0001', 'UPDATED', 1000008, '{id:"d2e5cec2"}', '2019-05-27 00:27:29'),
	(363, 104, '0002', 'CHANGED', 1000005, '{id:"dc7d0104"}', '2019-05-27 00:27:29'),
	(364, 102, '0002', 'RESTART', 1000007, '{id:"e3b87b15"}', '2019-05-27 00:27:29'),
	(365, 108, '0003', 'GENERATED', 1000009, '{id:"13052ba6"}', '2019-05-27 00:27:29'),
	(366, 102, '0004', 'ABORTED', 1000003, '{id:"21a3c74c"}', '2019-05-27 00:27:29'),
	(367, 100, '0002', 'DISK_FULL', 1000000, '{id:"28678bc7"}', '2019-05-27 00:27:29'),
	(368, 102, '0002', 'PARTITION_ERR', 1000002, '{id:"2f10f0a1"}', '2019-05-27 00:27:29'),
	(369, 104, '0001', 'LOGIN', 1000003, NULL, '2019-05-27 00:27:29'),
	(370, 103, '0001', 'LOGIN', 1000005, '{id:"bf99231c"}', '2019-05-27 00:27:29'),
	(371, 100, '0001', 'LOGOUT', 1000004, '{id:"ca565e50"}', '2019-05-27 00:27:29'),
	(372, 101, '0001', 'CREATED', 1000004, '{id:"ce4e49c6"}', '2019-05-27 00:27:29'),
	(373, 106, '0001', 'DELETED', 1000007, '{id:"cfed8c3c"}', '2019-05-27 00:27:29'),
	(374, 100, '0001', 'UPDATED', 1000009, '{id:"d2e5cec2"}', '2019-05-27 00:27:29'),
	(375, 104, '0002', 'CHANGED', 1000006, '{id:"dc7d0104"}', '2019-05-27 00:27:29'),
	(376, 105, '0002', 'RESTART', 1000001, '{id:"e3b87b15"}', '2019-05-27 00:27:29'),
	(377, 100, '0003', 'GENERATED', 1000008, '{id:"13052ba6"}', '2019-05-27 00:27:29'),
	(378, 101, '0004', 'ABORTED', 1000001, '{id:"21a3c74c"}', '2019-05-27 00:27:29'),
	(379, 102, '0002', 'DISK_FULL', 1000007, '{id:"28678bc7"}', '2019-05-27 00:27:29'),
	(380, 101, '0002', 'PARTITION_ERR', 1000002, '{id:"2f10f0a1"}', '2019-05-27 00:27:29'),
	(381, 108, '0001', 'LOGIN', 1000006, NULL, '2019-05-27 00:27:29'),
	(382, 106, '0001', 'LOGIN', 1000003, '{id:"bf99231c"}', '2019-05-27 00:27:29'),
	(383, 107, '0001', 'LOGOUT', 1000005, '{id:"ca565e50"}', '2019-05-27 00:27:29'),
	(384, 105, '0001', 'CREATED', 1000002, '{id:"ce4e49c6"}', '2019-05-27 00:27:29'),
	(385, 106, '0001', 'DELETED', 1000003, '{id:"cfed8c3c"}', '2019-05-27 00:27:29'),
	(386, 106, '0001', 'UPDATED', 1000003, '{id:"d2e5cec2"}', '2019-05-27 00:27:29'),
	(387, 107, '0002', 'CHANGED', 1000008, '{id:"dc7d0104"}', '2019-05-27 00:27:29'),
	(388, 108, '0002', 'RESTART', 1000007, '{id:"e3b87b15"}', '2019-05-27 00:27:29'),
	(389, 100, '0003', 'GENERATED', 1000001, '{id:"13052ba6"}', '2019-05-27 00:27:29'),
	(390, 106, '0004', 'ABORTED', 1000006, '{id:"21a3c74c"}', '2019-05-27 00:27:29'),
	(391, 103, '0002', 'DISK_FULL', 1000006, '{id:"28678bc7"}', '2019-05-27 00:27:29'),
	(392, 101, '0002', 'PARTITION_ERR', 1000000, '{id:"2f10f0a1"}', '2019-05-27 00:27:29'),
	(393, 107, '0001', 'LOGIN', 1000004, NULL, '2019-05-27 00:27:29'),
	(394, 100, '0001', 'LOGIN', 1000007, '{id:"bf99231c"}', '2019-05-27 00:27:29'),
	(395, 105, '0001', 'LOGOUT', 1000006, '{id:"ca565e50"}', '2019-05-27 00:27:29'),
	(396, 103, '0001', 'CREATED', 1000000, '{id:"ce4e49c6"}', '2019-05-27 00:27:29'),
	(397, 102, '0001', 'DELETED', 1000002, '{id:"cfed8c3c"}', '2019-05-27 00:27:29'),
	(398, 102, '0001', 'UPDATED', 1000006, '{id:"d2e5cec2"}', '2019-05-27 00:27:29'),
	(399, 104, '0002', 'CHANGED', 1000001, '{id:"dc7d0104"}', '2019-05-27 00:27:29'),
	(400, 103, '0002', 'RESTART', 1000003, '{id:"e3b87b15"}', '2019-05-27 00:27:29'),
	(401, 109, '0003', 'GENERATED', 1000005, '{id:"13052ba6"}', '2019-05-27 00:27:29'),
	(402, 108, '0004', 'ABORTED', 1000004, '{id:"21a3c74c"}', '2019-05-27 00:27:29'),
	(403, 108, '0002', 'DISK_FULL', 1000007, '{id:"28678bc7"}', '2019-05-27 00:27:29'),
	(404, 103, '0002', 'PARTITION_ERR', 1000003, '{id:"2f10f0a1"}', '2019-05-27 00:27:29'),
	(405, 106, '0001', 'LOGIN', 1000003, NULL, '2019-05-27 00:27:29'),
	(406, 107, '0001', 'LOGIN', 1000008, '{id:"bf99231c"}', '2019-05-27 00:27:29'),
	(407, 109, '0001', 'LOGOUT', 1000001, '{id:"ca565e50"}', '2019-05-27 00:27:29'),
	(408, 109, '0001', 'CREATED', 1000001, '{id:"ce4e49c6"}', '2019-05-27 00:27:29'),
	(409, 101, '0001', 'DELETED', 1000003, '{id:"cfed8c3c"}', '2019-05-27 00:27:29'),
	(410, 102, '0001', 'UPDATED', 1000009, '{id:"d2e5cec2"}', '2019-05-27 00:27:29'),
	(411, 103, '0002', 'CHANGED', 1000006, '{id:"dc7d0104"}', '2019-05-27 00:27:29'),
	(412, 104, '0002', 'RESTART', 1000000, '{id:"e3b87b15"}', '2019-05-27 00:27:29'),
	(413, 101, '0003', 'GENERATED', 1000004, '{id:"13052ba6"}', '2019-05-27 00:27:29'),
	(414, 106, '0004', 'ABORTED', 1000000, '{id:"21a3c74c"}', '2019-05-27 00:27:29'),
	(415, 102, '0002', 'DISK_FULL', 1000002, '{id:"28678bc7"}', '2019-05-27 00:27:29'),
	(416, 104, '0002', 'PARTITION_ERR', 1000006, '{id:"2f10f0a1"}', '2019-05-27 00:27:29'),
	(417, 107, '0001', 'LOGIN', 1000000, NULL, '2019-05-27 00:27:29'),
	(418, 106, '0001', 'LOGIN', 1000002, '{id:"bf99231c"}', '2019-05-27 00:27:29'),
	(419, 101, '0001', 'LOGOUT', 1000001, '{id:"ca565e50"}', '2019-05-27 00:27:29'),
	(420, 102, '0001', 'CREATED', 1000007, '{id:"ce4e49c6"}', '2019-05-27 00:27:29'),
	(421, 100, '0001', 'DELETED', 1000008, '{id:"cfed8c3c"}', '2019-05-27 00:27:29'),
	(422, 101, '0001', 'UPDATED', 1000003, '{id:"d2e5cec2"}', '2019-05-27 00:27:29'),
	(423, 100, '0002', 'CHANGED', 1000004, '{id:"dc7d0104"}', '2019-05-27 00:27:29'),
	(424, 100, '0002', 'RESTART', 1000000, '{id:"e3b87b15"}', '2019-05-27 00:27:29'),
	(425, 109, '0003', 'GENERATED', 1000006, '{id:"13052ba6"}', '2019-05-27 00:27:29'),
	(426, 101, '0004', 'ABORTED', 1000001, '{id:"21a3c74c"}', '2019-05-27 00:27:29'),
	(427, 101, '0002', 'DISK_FULL', 1000001, '{id:"28678bc7"}', '2019-05-27 00:27:29'),
	(428, 103, '0002', 'PARTITION_ERR', 1000001, '{id:"2f10f0a1"}', '2019-05-27 00:27:29'),
	(429, 109, '0001', 'LOGIN', 1000002, NULL, '2019-05-27 00:27:29'),
	(430, 101, '0001', 'LOGIN', 1000003, '{id:"bf99231c"}', '2019-05-27 00:27:29'),
	(431, 101, '0001', 'LOGOUT', 1000009, '{id:"ca565e50"}', '2019-05-27 00:27:29'),
	(432, 109, '0001', 'CREATED', 1000002, '{id:"ce4e49c6"}', '2019-05-27 00:27:29'),
	(433, 101, '0001', 'DELETED', 1000001, '{id:"cfed8c3c"}', '2019-05-27 00:27:29'),
	(434, 101, '0001', 'UPDATED', 1000003, '{id:"d2e5cec2"}', '2019-05-27 00:27:29'),
	(435, 101, '0002', 'CHANGED', 1000007, '{id:"dc7d0104"}', '2019-05-27 00:27:29'),
	(436, 105, '0002', 'RESTART', 1000002, '{id:"e3b87b15"}', '2019-05-27 00:27:29'),
	(437, 107, '0003', 'GENERATED', 1000000, '{id:"13052ba6"}', '2019-05-27 00:27:29'),
	(438, 109, '0004', 'ABORTED', 1000005, '{id:"21a3c74c"}', '2019-05-27 00:27:29'),
	(439, 107, '0002', 'DISK_FULL', 1000003, '{id:"28678bc7"}', '2019-05-27 00:27:29'),
	(440, 102, '0002', 'PARTITION_ERR', 1000002, '{id:"2f10f0a1"}', '2019-05-27 00:27:29'),
	(504, 103, '0001', 'LOGIN', 1000003, NULL, '2019-05-27 00:27:30'),
	(505, 104, '0001', 'LOGIN', 1000002, '{id:"bf99231c"}', '2019-05-27 00:27:30'),
	(506, 101, '0001', 'LOGOUT', 1000007, '{id:"ca565e50"}', '2019-05-27 00:27:30'),
	(507, 101, '0001', 'CREATED', 1000006, '{id:"ce4e49c6"}', '2019-05-27 00:27:30'),
	(508, 109, '0001', 'DELETED', 1000006, '{id:"cfed8c3c"}', '2019-05-27 00:27:30'),
	(509, 104, '0001', 'UPDATED', 1000001, '{id:"d2e5cec2"}', '2019-05-27 00:27:30'),
	(510, 103, '0002', 'CHANGED', 1000004, '{id:"dc7d0104"}', '2019-05-27 00:27:30'),
	(511, 101, '0002', 'RESTART', 1000004, '{id:"e3b87b15"}', '2019-05-27 00:27:30'),
	(512, 107, '0003', 'GENERATED', 1000002, '{id:"13052ba6"}', '2019-05-27 00:27:30'),
	(513, 102, '0004', 'ABORTED', 1000002, '{id:"21a3c74c"}', '2019-05-27 00:27:30'),
	(514, 104, '0002', 'DISK_FULL', 1000006, '{id:"28678bc7"}', '2019-05-27 00:27:30'),
	(515, 109, '0002', 'PARTITION_ERR', 1000008, '{id:"2f10f0a1"}', '2019-05-27 00:27:30'),
	(516, 101, '0001', 'LOGIN', 1000002, NULL, '2019-05-27 00:27:30'),
	(517, 109, '0001', 'LOGIN', 1000007, '{id:"bf99231c"}', '2019-05-27 00:27:30'),
	(518, 109, '0001', 'LOGOUT', 1000006, '{id:"ca565e50"}', '2019-05-27 00:27:30'),
	(519, 105, '0001', 'CREATED', 1000004, '{id:"ce4e49c6"}', '2019-05-27 00:27:30'),
	(520, 109, '0001', 'DELETED', 1000001, '{id:"cfed8c3c"}', '2019-05-27 00:27:30'),
	(521, 109, '0001', 'UPDATED', 1000003, '{id:"d2e5cec2"}', '2019-05-27 00:27:30'),
	(522, 106, '0002', 'CHANGED', 1000004, '{id:"dc7d0104"}', '2019-05-27 00:27:30'),
	(523, 101, '0002', 'RESTART', 1000002, '{id:"e3b87b15"}', '2019-05-27 00:27:30'),
	(524, 101, '0003', 'GENERATED', 1000008, '{id:"13052ba6"}', '2019-05-27 00:27:30'),
	(525, 108, '0004', 'ABORTED', 1000005, '{id:"21a3c74c"}', '2019-05-27 00:27:30'),
	(526, 103, '0002', 'DISK_FULL', 1000000, '{id:"28678bc7"}', '2019-05-27 00:27:30'),
	(527, 102, '0002', 'PARTITION_ERR', 1000000, '{id:"2f10f0a1"}', '2019-05-27 00:27:30'),
	(528, 106, '0001', 'LOGIN', 1000000, NULL, '2019-05-27 00:27:30'),
	(529, 100, '0001', 'LOGIN', 1000004, '{id:"bf99231c"}', '2019-05-27 00:27:30'),
	(530, 100, '0001', 'LOGOUT', 1000007, '{id:"ca565e50"}', '2019-05-27 00:27:30'),
	(531, 107, '0001', 'CREATED', 1000002, '{id:"ce4e49c6"}', '2019-05-27 00:27:30'),
	(532, 102, '0001', 'DELETED', 1000004, '{id:"cfed8c3c"}', '2019-05-27 00:27:30'),
	(533, 104, '0001', 'UPDATED', 1000008, '{id:"d2e5cec2"}', '2019-05-27 00:27:30'),
	(534, 101, '0002', 'CHANGED', 1000001, '{id:"dc7d0104"}', '2019-05-27 00:27:30'),
	(535, 100, '0002', 'RESTART', 1000008, '{id:"e3b87b15"}', '2019-05-27 00:27:30'),
	(536, 102, '0003', 'GENERATED', 1000004, '{id:"13052ba6"}', '2019-05-27 00:27:30'),
	(537, 106, '0004', 'ABORTED', 1000008, '{id:"21a3c74c"}', '2019-05-27 00:27:30'),
	(538, 101, '0002', 'DISK_FULL', 1000001, '{id:"28678bc7"}', '2019-05-27 00:27:30'),
	(539, 105, '0002', 'PARTITION_ERR', 1000003, '{id:"2f10f0a1"}', '2019-05-27 00:27:30'),
	(540, 109, '0001', 'LOGIN', 1000007, NULL, '2019-05-27 00:27:30'),
	(541, 109, '0001', 'LOGIN', 1000004, '{id:"bf99231c"}', '2019-05-27 00:27:30'),
	(542, 103, '0001', 'LOGOUT', 1000003, '{id:"ca565e50"}', '2019-05-27 00:27:30'),
	(543, 107, '0001', 'CREATED', 1000007, '{id:"ce4e49c6"}', '2019-05-27 00:27:30'),
	(544, 103, '0001', 'DELETED', 1000007, '{id:"cfed8c3c"}', '2019-05-27 00:27:30'),
	(545, 106, '0001', 'UPDATED', 1000007, '{id:"d2e5cec2"}', '2019-05-27 00:27:30'),
	(546, 109, '0002', 'CHANGED', 1000005, '{id:"dc7d0104"}', '2019-05-27 00:27:30'),
	(547, 109, '0002', 'RESTART', 1000008, '{id:"e3b87b15"}', '2019-05-27 00:27:30'),
	(548, 104, '0003', 'GENERATED', 1000007, '{id:"13052ba6"}', '2019-05-27 00:27:30'),
	(549, 104, '0004', 'ABORTED', 1000008, '{id:"21a3c74c"}', '2019-05-27 00:27:30'),
	(550, 101, '0002', 'DISK_FULL', 1000001, '{id:"28678bc7"}', '2019-05-27 00:27:30'),
	(551, 102, '0002', 'PARTITION_ERR', 1000007, '{id:"2f10f0a1"}', '2019-05-27 00:27:30'),
	(552, 108, '0001', 'LOGIN', 1000001, NULL, '2019-05-27 00:27:30'),
	(553, 100, '0001', 'LOGIN', 1000000, '{id:"bf99231c"}', '2019-05-27 00:27:30'),
	(554, 109, '0001', 'LOGOUT', 1000005, '{id:"ca565e50"}', '2019-05-27 00:27:30'),
	(555, 100, '0001', 'CREATED', 1000005, '{id:"ce4e49c6"}', '2019-05-27 00:27:30'),
	(556, 104, '0001', 'DELETED', 1000006, '{id:"cfed8c3c"}', '2019-05-27 00:27:30'),
	(557, 108, '0001', 'UPDATED', 1000002, '{id:"d2e5cec2"}', '2019-05-27 00:27:30'),
	(558, 105, '0002', 'CHANGED', 1000002, '{id:"dc7d0104"}', '2019-05-27 00:27:30'),
	(559, 106, '0002', 'RESTART', 1000004, '{id:"e3b87b15"}', '2019-05-27 00:27:30'),
	(560, 103, '0003', 'GENERATED', 1000002, '{id:"13052ba6"}', '2019-05-27 00:27:30'),
	(561, 100, '0004', 'ABORTED', 1000007, '{id:"21a3c74c"}', '2019-05-27 00:27:30'),
	(562, 107, '0002', 'DISK_FULL', 1000001, '{id:"28678bc7"}', '2019-05-27 00:27:30'),
	(563, 105, '0002', 'PARTITION_ERR', 1000004, '{id:"2f10f0a1"}', '2019-05-27 00:27:30'),
	(564, 105, '0001', 'LOGIN', 1000002, NULL, '2019-05-27 00:27:30'),
	(565, 105, '0001', 'LOGIN', 1000002, '{id:"bf99231c"}', '2019-05-27 00:27:30'),
	(566, 106, '0001', 'LOGOUT', 1000004, '{id:"ca565e50"}', '2019-05-27 00:27:30'),
	(567, 104, '0001', 'CREATED', 1000007, '{id:"ce4e49c6"}', '2019-05-27 00:27:30'),
	(568, 103, '0001', 'DELETED', 1000004, '{id:"cfed8c3c"}', '2019-05-27 00:27:30'),
	(569, 102, '0001', 'UPDATED', 1000008, '{id:"d2e5cec2"}', '2019-05-27 00:27:30'),
	(570, 107, '0002', 'CHANGED', 1000000, '{id:"dc7d0104"}', '2019-05-27 00:27:30'),
	(571, 108, '0002', 'RESTART', 1000002, '{id:"e3b87b15"}', '2019-05-27 00:27:30'),
	(572, 104, '0003', 'GENERATED', 1000007, '{id:"13052ba6"}', '2019-05-27 00:27:30'),
	(573, 102, '0004', 'ABORTED', 1000009, '{id:"21a3c74c"}', '2019-05-27 00:27:30'),
	(574, 101, '0002', 'DISK_FULL', 1000009, '{id:"28678bc7"}', '2019-05-27 00:27:30'),
	(575, 102, '0002', 'PARTITION_ERR', 1000002, '{id:"2f10f0a1"}', '2019-05-27 00:27:30'),
	(576, 104, '0001', 'LOGIN', 1000005, NULL, '2019-05-27 00:27:30'),
	(577, 105, '0001', 'LOGIN', 1000009, '{id:"bf99231c"}', '2019-05-27 00:27:30'),
	(578, 103, '0001', 'LOGOUT', 1000006, '{id:"ca565e50"}', '2019-05-27 00:27:30'),
	(579, 103, '0001', 'CREATED', 1000006, '{id:"ce4e49c6"}', '2019-05-27 00:27:30'),
	(580, 102, '0001', 'DELETED', 1000002, '{id:"cfed8c3c"}', '2019-05-27 00:27:30'),
	(581, 105, '0001', 'UPDATED', 1000000, '{id:"d2e5cec2"}', '2019-05-27 00:27:30'),
	(582, 107, '0002', 'CHANGED', 1000002, '{id:"dc7d0104"}', '2019-05-27 00:27:30'),
	(583, 102, '0002', 'RESTART', 1000003, '{id:"e3b87b15"}', '2019-05-27 00:27:30'),
	(584, 108, '0003', 'GENERATED', 1000004, '{id:"13052ba6"}', '2019-05-27 00:27:30'),
	(585, 107, '0004', 'ABORTED', 1000001, '{id:"21a3c74c"}', '2019-05-27 00:27:30'),
	(586, 106, '0002', 'DISK_FULL', 1000009, '{id:"28678bc7"}', '2019-05-27 00:27:30'),
	(587, 105, '0002', 'PARTITION_ERR', 1000001, '{id:"2f10f0a1"}', '2019-05-27 00:27:30'),
	(588, 101, '0001', 'LOGIN', 1000002, NULL, '2019-05-27 00:27:30'),
	(589, 109, '0001', 'LOGIN', 1000007, '{id:"bf99231c"}', '2019-05-27 00:27:30'),
	(590, 101, '0001', 'LOGOUT', 1000003, '{id:"ca565e50"}', '2019-05-27 00:27:30'),
	(591, 103, '0001', 'CREATED', 1000005, '{id:"ce4e49c6"}', '2019-05-27 00:27:30'),
	(592, 105, '0001', 'DELETED', 1000003, '{id:"cfed8c3c"}', '2019-05-27 00:27:30'),
	(593, 101, '0001', 'UPDATED', 1000007, '{id:"d2e5cec2"}', '2019-05-27 00:27:30'),
	(594, 102, '0002', 'CHANGED', 1000000, '{id:"dc7d0104"}', '2019-05-27 00:27:30'),
	(595, 103, '0002', 'RESTART', 1000008, '{id:"e3b87b15"}', '2019-05-27 00:27:30'),
	(596, 109, '0003', 'GENERATED', 1000001, '{id:"13052ba6"}', '2019-05-27 00:27:30'),
	(597, 101, '0004', 'ABORTED', 1000001, '{id:"21a3c74c"}', '2019-05-27 00:27:30'),
	(598, 104, '0002', 'DISK_FULL', 1000005, '{id:"28678bc7"}', '2019-05-27 00:27:30'),
	(599, 106, '0002', 'PARTITION_ERR', 1000005, '{id:"2f10f0a1"}', '2019-05-27 00:27:30'),
	(600, 109, '0001', 'LOGIN', 1000008, NULL, '2019-05-27 00:27:30'),
	(601, 104, '0001', 'LOGIN', 1000006, '{id:"bf99231c"}', '2019-05-27 00:27:30'),
	(602, 100, '0001', 'LOGOUT', 1000001, '{id:"ca565e50"}', '2019-05-27 00:27:30'),
	(603, 107, '0001', 'CREATED', 1000003, '{id:"ce4e49c6"}', '2019-05-27 00:27:30'),
	(604, 103, '0001', 'DELETED', 1000008, '{id:"cfed8c3c"}', '2019-05-27 00:27:30'),
	(605, 109, '0001', 'UPDATED', 1000003, '{id:"d2e5cec2"}', '2019-05-27 00:27:30'),
	(606, 108, '0002', 'CHANGED', 1000002, '{id:"dc7d0104"}', '2019-05-27 00:27:30'),
	(607, 106, '0002', 'RESTART', 1000003, '{id:"e3b87b15"}', '2019-05-27 00:27:30'),
	(608, 108, '0003', 'GENERATED', 1000004, '{id:"13052ba6"}', '2019-05-27 00:27:30'),
	(609, 105, '0004', 'ABORTED', 1000002, '{id:"21a3c74c"}', '2019-05-27 00:27:30'),
	(610, 105, '0002', 'DISK_FULL', 1000001, '{id:"28678bc7"}', '2019-05-27 00:27:30'),
	(611, 101, '0002', 'PARTITION_ERR', 1000004, '{id:"2f10f0a1"}', '2019-05-27 00:27:30'),
	(612, 105, '0001', 'LOGIN', 1000005, NULL, '2019-05-27 00:27:30'),
	(613, 108, '0001', 'LOGIN', 1000008, '{id:"bf99231c"}', '2019-05-27 00:27:30'),
	(614, 104, '0001', 'LOGOUT', 1000007, '{id:"ca565e50"}', '2019-05-27 00:27:30'),
	(615, 102, '0001', 'CREATED', 1000002, '{id:"ce4e49c6"}', '2019-05-27 00:27:30'),
	(616, 102, '0001', 'DELETED', 1000007, '{id:"cfed8c3c"}', '2019-05-27 00:27:30'),
	(617, 108, '0001', 'UPDATED', 1000008, '{id:"d2e5cec2"}', '2019-05-27 00:27:30'),
	(618, 108, '0002', 'CHANGED', 1000005, '{id:"dc7d0104"}', '2019-05-27 00:27:30'),
	(619, 104, '0002', 'RESTART', 1000005, '{id:"e3b87b15"}', '2019-05-27 00:27:30'),
	(620, 102, '0003', 'GENERATED', 1000005, '{id:"13052ba6"}', '2019-05-27 00:27:30'),
	(621, 109, '0004', 'ABORTED', 1000003, '{id:"21a3c74c"}', '2019-05-27 00:27:30'),
	(622, 106, '0002', 'DISK_FULL', 1000003, '{id:"28678bc7"}', '2019-05-27 00:27:30'),
	(623, 107, '0002', 'PARTITION_ERR', 1000008, '{id:"2f10f0a1"}', '2019-05-27 00:27:30'),
	(624, 100, '0001', 'LOGIN', 1000006, NULL, '2019-05-27 00:27:30'),
	(625, 100, '0001', 'LOGIN', 1000005, '{id:"bf99231c"}', '2019-05-27 00:27:30'),
	(626, 102, '0001', 'LOGOUT', 1000009, '{id:"ca565e50"}', '2019-05-27 00:27:30'),
	(627, 107, '0001', 'CREATED', 1000007, '{id:"ce4e49c6"}', '2019-05-27 00:27:30'),
	(628, 107, '0001', 'DELETED', 1000002, '{id:"cfed8c3c"}', '2019-05-27 00:27:30'),
	(629, 102, '0001', 'UPDATED', 1000004, '{id:"d2e5cec2"}', '2019-05-27 00:27:30'),
	(630, 103, '0002', 'CHANGED', 1000006, '{id:"dc7d0104"}', '2019-05-27 00:27:30'),
	(631, 102, '0002', 'RESTART', 1000009, '{id:"e3b87b15"}', '2019-05-27 00:27:30'),
	(632, 103, '0003', 'GENERATED', 1000006, '{id:"13052ba6"}', '2019-05-27 00:27:30'),
	(633, 104, '0004', 'ABORTED', 1000001, '{id:"21a3c74c"}', '2019-05-27 00:27:30'),
	(634, 102, '0002', 'DISK_FULL', 1000008, '{id:"28678bc7"}', '2019-05-27 00:27:30'),
	(635, 105, '0002', 'PARTITION_ERR', 1000001, '{id:"2f10f0a1"}', '2019-05-27 00:27:30'),
	(636, 102, '0001', 'LOGIN', 1000006, NULL, '2019-05-27 00:27:30'),
	(637, 104, '0001', 'LOGIN', 1000003, '{id:"bf99231c"}', '2019-05-27 00:27:30'),
	(638, 102, '0001', 'LOGOUT', 1000003, '{id:"ca565e50"}', '2019-05-27 00:27:30'),
	(639, 101, '0001', 'CREATED', 1000005, '{id:"ce4e49c6"}', '2019-05-27 00:27:30'),
	(640, 103, '0001', 'DELETED', 1000001, '{id:"cfed8c3c"}', '2019-05-27 00:27:30'),
	(641, 104, '0001', 'UPDATED', 1000000, '{id:"d2e5cec2"}', '2019-05-27 00:27:30'),
	(642, 106, '0002', 'CHANGED', 1000001, '{id:"dc7d0104"}', '2019-05-27 00:27:30'),
	(643, 100, '0002', 'RESTART', 1000005, '{id:"e3b87b15"}', '2019-05-27 00:27:30'),
	(644, 108, '0003', 'GENERATED', 1000005, '{id:"13052ba6"}', '2019-05-27 00:27:30'),
	(645, 101, '0004', 'ABORTED', 1000001, '{id:"21a3c74c"}', '2019-05-27 00:27:30'),
	(646, 100, '0002', 'DISK_FULL', 1000001, '{id:"28678bc7"}', '2019-05-27 00:27:30'),
	(647, 102, '0002', 'PARTITION_ERR', 1000009, '{id:"2f10f0a1"}', '2019-05-27 00:27:30'),
	(648, 100, '0001', 'LOGIN', 1000003, NULL, '2019-05-27 00:27:30'),
	(649, 106, '0001', 'LOGIN', 1000002, '{id:"bf99231c"}', '2019-05-27 00:27:30'),
	(650, 104, '0001', 'LOGOUT', 1000002, '{id:"ca565e50"}', '2019-05-27 00:27:30'),
	(651, 101, '0001', 'CREATED', 1000000, '{id:"ce4e49c6"}', '2019-05-27 00:27:30'),
	(652, 105, '0001', 'DELETED', 1000007, '{id:"cfed8c3c"}', '2019-05-27 00:27:30'),
	(653, 102, '0001', 'UPDATED', 1000006, '{id:"d2e5cec2"}', '2019-05-27 00:27:30'),
	(654, 107, '0002', 'CHANGED', 1000005, '{id:"dc7d0104"}', '2019-05-27 00:27:30'),
	(655, 107, '0002', 'RESTART', 1000001, '{id:"e3b87b15"}', '2019-05-27 00:27:30'),
	(656, 103, '0003', 'GENERATED', 1000002, '{id:"13052ba6"}', '2019-05-27 00:27:30'),
	(657, 101, '0004', 'ABORTED', 1000000, '{id:"21a3c74c"}', '2019-05-27 00:27:30'),
	(658, 108, '0002', 'DISK_FULL', 1000000, '{id:"28678bc7"}', '2019-05-27 00:27:30'),
	(659, 107, '0002', 'PARTITION_ERR', 1000004, '{id:"2f10f0a1"}', '2019-05-27 00:27:30'),
	(660, 102, '0001', 'LOGIN', 1000005, NULL, '2019-05-27 00:27:30'),
	(661, 103, '0001', 'LOGIN', 1000008, '{id:"bf99231c"}', '2019-05-27 00:27:30'),
	(662, 104, '0001', 'LOGOUT', 1000005, '{id:"ca565e50"}', '2019-05-27 00:27:30'),
	(663, 102, '0001', 'CREATED', 1000005, '{id:"ce4e49c6"}', '2019-05-27 00:27:30'),
	(664, 102, '0001', 'DELETED', 1000004, '{id:"cfed8c3c"}', '2019-05-27 00:27:30'),
	(665, 103, '0001', 'UPDATED', 1000006, '{id:"d2e5cec2"}', '2019-05-27 00:27:30'),
	(666, 103, '0002', 'CHANGED', 1000005, '{id:"dc7d0104"}', '2019-05-27 00:27:30'),
	(667, 107, '0002', 'RESTART', 1000001, '{id:"e3b87b15"}', '2019-05-27 00:27:30'),
	(668, 105, '0003', 'GENERATED', 1000001, '{id:"13052ba6"}', '2019-05-27 00:27:30'),
	(669, 101, '0004', 'ABORTED', 1000004, '{id:"21a3c74c"}', '2019-05-27 00:27:30'),
	(670, 105, '0002', 'DISK_FULL', 1000005, '{id:"28678bc7"}', '2019-05-27 00:27:30'),
	(671, 109, '0002', 'PARTITION_ERR', 1000001, '{id:"2f10f0a1"}', '2019-05-27 00:27:30'),
	(672, 107, '0001', 'LOGIN', 1000003, NULL, '2019-05-27 00:27:30'),
	(673, 105, '0001', 'LOGIN', 1000006, '{id:"bf99231c"}', '2019-05-27 00:27:30'),
	(674, 106, '0001', 'LOGOUT', 1000001, '{id:"ca565e50"}', '2019-05-27 00:27:30'),
	(675, 107, '0001', 'CREATED', 1000005, '{id:"ce4e49c6"}', '2019-05-27 00:27:30'),
	(676, 102, '0001', 'DELETED', 1000009, '{id:"cfed8c3c"}', '2019-05-27 00:27:30'),
	(677, 106, '0001', 'UPDATED', 1000005, '{id:"d2e5cec2"}', '2019-05-27 00:27:30'),
	(678, 107, '0002', 'CHANGED', 1000009, '{id:"dc7d0104"}', '2019-05-27 00:27:30'),
	(679, 107, '0002', 'RESTART', 1000006, '{id:"e3b87b15"}', '2019-05-27 00:27:30'),
	(680, 101, '0003', 'GENERATED', 1000006, '{id:"13052ba6"}', '2019-05-27 00:27:30'),
	(681, 109, '0004', 'ABORTED', 1000007, '{id:"21a3c74c"}', '2019-05-27 00:27:30'),
	(682, 109, '0002', 'DISK_FULL', 1000005, '{id:"28678bc7"}', '2019-05-27 00:27:30'),
	(683, 107, '0002', 'PARTITION_ERR', 1000002, '{id:"2f10f0a1"}', '2019-05-27 00:27:30'),
	(684, 109, '0001', 'LOGIN', 1000009, NULL, '2019-05-27 00:27:30'),
	(685, 109, '0001', 'LOGIN', 1000007, '{id:"bf99231c"}', '2019-05-27 00:27:30'),
	(686, 109, '0001', 'LOGOUT', 1000004, '{id:"ca565e50"}', '2019-05-27 00:27:30'),
	(687, 103, '0001', 'CREATED', 1000004, '{id:"ce4e49c6"}', '2019-05-27 00:27:30'),
	(688, 101, '0001', 'DELETED', 1000003, '{id:"cfed8c3c"}', '2019-05-27 00:27:30'),
	(689, 104, '0001', 'UPDATED', 1000003, '{id:"d2e5cec2"}', '2019-05-27 00:27:30'),
	(690, 100, '0002', 'CHANGED', 1000004, '{id:"dc7d0104"}', '2019-05-27 00:27:30'),
	(691, 108, '0002', 'RESTART', 1000008, '{id:"e3b87b15"}', '2019-05-27 00:27:30'),
	(692, 109, '0003', 'GENERATED', 1000000, '{id:"13052ba6"}', '2019-05-27 00:27:30'),
	(693, 103, '0004', 'ABORTED', 1000005, '{id:"21a3c74c"}', '2019-05-27 00:27:30'),
	(694, 106, '0002', 'DISK_FULL', 1000005, '{id:"28678bc7"}', '2019-05-27 00:27:30'),
	(695, 108, '0002', 'PARTITION_ERR', 1000005, '{id:"2f10f0a1"}', '2019-05-27 00:27:30'),
	(696, 101, '0001', 'LOGIN', 1000003, NULL, '2019-05-27 00:27:30'),
	(697, 109, '0001', 'LOGIN', 1000009, '{id:"bf99231c"}', '2019-05-27 00:27:30'),
	(698, 107, '0001', 'LOGOUT', 1000008, '{id:"ca565e50"}', '2019-05-27 00:27:30'),
	(699, 102, '0001', 'CREATED', 1000004, '{id:"ce4e49c6"}', '2019-05-27 00:27:30'),
	(700, 105, '0001', 'DELETED', 1000003, '{id:"cfed8c3c"}', '2019-05-27 00:27:30'),
	(701, 101, '0001', 'UPDATED', 1000005, '{id:"d2e5cec2"}', '2019-05-27 00:27:30'),
	(702, 103, '0002', 'CHANGED', 1000009, '{id:"dc7d0104"}', '2019-05-27 00:27:30'),
	(703, 108, '0002', 'RESTART', 1000004, '{id:"e3b87b15"}', '2019-05-27 00:27:30'),
	(704, 104, '0003', 'GENERATED', 1000000, '{id:"13052ba6"}', '2019-05-27 00:27:30'),
	(705, 107, '0004', 'ABORTED', 1000008, '{id:"21a3c74c"}', '2019-05-27 00:27:30'),
	(706, 109, '0002', 'DISK_FULL', 1000003, '{id:"28678bc7"}', '2019-05-27 00:27:30'),
	(707, 107, '0002', 'PARTITION_ERR', 1000007, '{id:"2f10f0a1"}', '2019-05-27 00:27:30'),
	(708, 104, '0001', 'LOGIN', 1000000, NULL, '2019-05-27 00:27:30'),
	(709, 109, '0001', 'LOGIN', 1000006, '{id:"bf99231c"}', '2019-05-27 00:27:30'),
	(710, 103, '0001', 'LOGOUT', 1000006, '{id:"ca565e50"}', '2019-05-27 00:27:30'),
	(711, 101, '0001', 'CREATED', 1000009, '{id:"ce4e49c6"}', '2019-05-27 00:27:30'),
	(712, 104, '0001', 'DELETED', 1000001, '{id:"cfed8c3c"}', '2019-05-27 00:27:30'),
	(713, 104, '0001', 'UPDATED', 1000009, '{id:"d2e5cec2"}', '2019-05-27 00:27:30'),
	(714, 103, '0002', 'CHANGED', 1000009, '{id:"dc7d0104"}', '2019-05-27 00:27:30'),
	(715, 107, '0002', 'RESTART', 1000009, '{id:"e3b87b15"}', '2019-05-27 00:27:30'),
	(716, 105, '0003', 'GENERATED', 1000009, '{id:"13052ba6"}', '2019-05-27 00:27:30'),
	(717, 101, '0004', 'ABORTED', 1000007, '{id:"21a3c74c"}', '2019-05-27 00:27:30'),
	(718, 103, '0002', 'DISK_FULL', 1000006, '{id:"28678bc7"}', '2019-05-27 00:27:30'),
	(719, 102, '0002', 'PARTITION_ERR', 1000000, '{id:"2f10f0a1"}', '2019-05-27 00:27:30'),
	(720, 107, '0001', 'LOGIN', 1000006, NULL, '2019-05-27 00:27:30'),
	(721, 109, '0001', 'LOGIN', 1000007, '{id:"bf99231c"}', '2019-05-27 00:27:30'),
	(722, 100, '0001', 'LOGOUT', 1000000, '{id:"ca565e50"}', '2019-05-27 00:27:30'),
	(723, 108, '0001', 'CREATED', 1000003, '{id:"ce4e49c6"}', '2019-05-27 00:27:30'),
	(724, 100, '0001', 'DELETED', 1000004, '{id:"cfed8c3c"}', '2019-05-27 00:27:30'),
	(725, 108, '0001', 'UPDATED', 1000001, '{id:"d2e5cec2"}', '2019-05-27 00:27:30'),
	(726, 108, '0002', 'CHANGED', 1000000, '{id:"dc7d0104"}', '2019-05-27 00:27:30'),
	(727, 104, '0002', 'RESTART', 1000003, '{id:"e3b87b15"}', '2019-05-27 00:27:30'),
	(728, 104, '0003', 'GENERATED', 1000009, '{id:"13052ba6"}', '2019-05-27 00:27:30'),
	(729, 106, '0004', 'ABORTED', 1000004, '{id:"21a3c74c"}', '2019-05-27 00:27:30'),
	(730, 103, '0002', 'DISK_FULL', 1000004, '{id:"28678bc7"}', '2019-05-27 00:27:30'),
	(731, 100, '0002', 'PARTITION_ERR', 1000007, '{id:"2f10f0a1"}', '2019-05-27 00:27:30'),
	(732, 106, '0001', 'LOGIN', 1000000, NULL, '2019-05-27 00:27:30'),
	(733, 103, '0001', 'LOGIN', 1000004, '{id:"bf99231c"}', '2019-05-27 00:27:30'),
	(734, 102, '0001', 'LOGOUT', 1000000, '{id:"ca565e50"}', '2019-05-27 00:27:30'),
	(735, 105, '0001', 'CREATED', 1000006, '{id:"ce4e49c6"}', '2019-05-27 00:27:30'),
	(736, 103, '0001', 'DELETED', 1000000, '{id:"cfed8c3c"}', '2019-05-27 00:27:30'),
	(737, 102, '0001', 'UPDATED', 1000001, '{id:"d2e5cec2"}', '2019-05-27 00:27:30'),
	(738, 100, '0002', 'CHANGED', 1000005, '{id:"dc7d0104"}', '2019-05-27 00:27:30'),
	(739, 106, '0002', 'RESTART', 1000008, '{id:"e3b87b15"}', '2019-05-27 00:27:30'),
	(740, 100, '0003', 'GENERATED', 1000007, '{id:"13052ba6"}', '2019-05-27 00:27:30'),
	(741, 104, '0004', 'ABORTED', 1000009, '{id:"21a3c74c"}', '2019-05-27 00:27:30'),
	(742, 103, '0002', 'DISK_FULL', 1000001, '{id:"28678bc7"}', '2019-05-27 00:27:30'),
	(743, 104, '0002', 'PARTITION_ERR', 1000007, '{id:"2f10f0a1"}', '2019-05-27 00:27:30'),
	(744, 103, '0001', 'LOGIN', 1000007, NULL, '2019-05-27 00:27:30'),
	(745, 104, '0001', 'LOGIN', 1000001, '{id:"bf99231c"}', '2019-05-27 00:27:30'),
	(746, 102, '0001', 'LOGOUT', 1000006, '{id:"ca565e50"}', '2019-05-27 00:27:30'),
	(747, 107, '0001', 'CREATED', 1000008, '{id:"ce4e49c6"}', '2019-05-27 00:27:30'),
	(748, 107, '0001', 'DELETED', 1000002, '{id:"cfed8c3c"}', '2019-05-27 00:27:30'),
	(749, 109, '0001', 'UPDATED', 1000009, '{id:"d2e5cec2"}', '2019-05-27 00:27:30'),
	(750, 109, '0002', 'CHANGED', 1000001, '{id:"dc7d0104"}', '2019-05-27 00:27:30'),
	(751, 105, '0002', 'RESTART', 1000005, '{id:"e3b87b15"}', '2019-05-27 00:27:30'),
	(752, 100, '0003', 'GENERATED', 1000007, '{id:"13052ba6"}', '2019-05-27 00:27:30'),
	(753, 103, '0004', 'ABORTED', 1000005, '{id:"21a3c74c"}', '2019-05-27 00:27:30'),
	(754, 106, '0002', 'DISK_FULL', 1000008, '{id:"28678bc7"}', '2019-05-27 00:27:30'),
	(755, 100, '0002', 'PARTITION_ERR', 1000007, '{id:"2f10f0a1"}', '2019-05-27 00:27:30'),
	(756, 104, '0001', 'LOGIN', 1000003, NULL, '2019-05-27 00:27:30'),
	(757, 100, '0001', 'LOGIN', 1000003, '{id:"bf99231c"}', '2019-05-27 00:27:30'),
	(758, 107, '0001', 'LOGOUT', 1000004, '{id:"ca565e50"}', '2019-05-27 00:27:30'),
	(759, 109, '0001', 'CREATED', 1000006, '{id:"ce4e49c6"}', '2019-05-27 00:27:30'),
	(760, 104, '0001', 'DELETED', 1000000, '{id:"cfed8c3c"}', '2019-05-27 00:27:30'),
	(761, 109, '0001', 'UPDATED', 1000007, '{id:"d2e5cec2"}', '2019-05-27 00:27:30'),
	(762, 109, '0002', 'CHANGED', 1000002, '{id:"dc7d0104"}', '2019-05-27 00:27:30'),
	(763, 106, '0002', 'RESTART', 1000004, '{id:"e3b87b15"}', '2019-05-27 00:27:30'),
	(764, 101, '0003', 'GENERATED', 1000004, '{id:"13052ba6"}', '2019-05-27 00:27:30'),
	(765, 107, '0004', 'ABORTED', 1000004, '{id:"21a3c74c"}', '2019-05-27 00:27:30'),
	(766, 100, '0002', 'DISK_FULL', 1000008, '{id:"28678bc7"}', '2019-05-27 00:27:30'),
	(767, 100, '0002', 'PARTITION_ERR', 1000007, '{id:"2f10f0a1"}', '2019-05-27 00:27:30'),
	(768, 106, '0001', 'LOGIN', 1000000, NULL, '2019-05-27 00:27:30'),
	(769, 100, '0001', 'LOGIN', 1000001, '{id:"bf99231c"}', '2019-05-27 00:27:30'),
	(770, 106, '0001', 'LOGOUT', 1000007, '{id:"ca565e50"}', '2019-05-27 00:27:30'),
	(771, 107, '0001', 'CREATED', 1000004, '{id:"ce4e49c6"}', '2019-05-27 00:27:30'),
	(772, 102, '0001', 'DELETED', 1000006, '{id:"cfed8c3c"}', '2019-05-27 00:27:30'),
	(773, 104, '0001', 'UPDATED', 1000002, '{id:"d2e5cec2"}', '2019-05-27 00:27:30'),
	(774, 101, '0002', 'CHANGED', 1000007, '{id:"dc7d0104"}', '2019-05-27 00:27:30'),
	(775, 104, '0002', 'RESTART', 1000009, '{id:"e3b87b15"}', '2019-05-27 00:27:30'),
	(776, 104, '0003', 'GENERATED', 1000005, '{id:"13052ba6"}', '2019-05-27 00:27:30'),
	(777, 102, '0004', 'ABORTED', 1000006, '{id:"21a3c74c"}', '2019-05-27 00:27:30'),
	(778, 104, '0002', 'DISK_FULL', 1000001, '{id:"28678bc7"}', '2019-05-27 00:27:30'),
	(779, 106, '0002', 'PARTITION_ERR', 1000005, '{id:"2f10f0a1"}', '2019-05-27 00:27:30'),
	(780, 109, '0001', 'LOGIN', 1000002, NULL, '2019-05-27 00:27:30'),
	(781, 103, '0001', 'LOGIN', 1000009, '{id:"bf99231c"}', '2019-05-27 00:27:30'),
	(782, 108, '0001', 'LOGOUT', 1000003, '{id:"ca565e50"}', '2019-05-27 00:27:30'),
	(783, 101, '0001', 'CREATED', 1000008, '{id:"ce4e49c6"}', '2019-05-27 00:27:30'),
	(784, 107, '0001', 'DELETED', 1000002, '{id:"cfed8c3c"}', '2019-05-27 00:27:30'),
	(785, 107, '0001', 'UPDATED', 1000003, '{id:"d2e5cec2"}', '2019-05-27 00:27:30'),
	(786, 102, '0002', 'CHANGED', 1000000, '{id:"dc7d0104"}', '2019-05-27 00:27:30'),
	(787, 106, '0002', 'RESTART', 1000002, '{id:"e3b87b15"}', '2019-05-27 00:27:30'),
	(788, 100, '0003', 'GENERATED', 1000005, '{id:"13052ba6"}', '2019-05-27 00:27:30'),
	(789, 106, '0004', 'ABORTED', 1000006, '{id:"21a3c74c"}', '2019-05-27 00:27:30'),
	(790, 103, '0002', 'DISK_FULL', 1000006, '{id:"28678bc7"}', '2019-05-27 00:27:30'),
	(791, 103, '0002', 'PARTITION_ERR', 1000007, '{id:"2f10f0a1"}', '2019-05-27 00:27:30'),
	(792, 106, '0001', 'LOGIN', 1000000, NULL, '2019-05-27 00:27:30'),
	(793, 100, '0001', 'LOGIN', 1000003, '{id:"bf99231c"}', '2019-05-27 00:27:30'),
	(794, 107, '0001', 'LOGOUT', 1000004, '{id:"ca565e50"}', '2019-05-27 00:27:30'),
	(795, 101, '0001', 'CREATED', 1000005, '{id:"ce4e49c6"}', '2019-05-27 00:27:30'),
	(796, 100, '0001', 'DELETED', 1000005, '{id:"cfed8c3c"}', '2019-05-27 00:27:30'),
	(797, 106, '0001', 'UPDATED', 1000006, '{id:"d2e5cec2"}', '2019-05-27 00:27:30'),
	(798, 101, '0002', 'CHANGED', 1000008, '{id:"dc7d0104"}', '2019-05-27 00:27:30'),
	(799, 106, '0002', 'RESTART', 1000009, '{id:"e3b87b15"}', '2019-05-27 00:27:30'),
	(800, 105, '0003', 'GENERATED', 1000008, '{id:"13052ba6"}', '2019-05-27 00:27:30'),
	(801, 106, '0004', 'ABORTED', 1000009, '{id:"21a3c74c"}', '2019-05-27 00:27:30'),
	(802, 106, '0002', 'DISK_FULL', 1000002, '{id:"28678bc7"}', '2019-05-27 00:27:30'),
	(803, 102, '0002', 'PARTITION_ERR', 1000007, '{id:"2f10f0a1"}', '2019-05-27 00:27:30'),
	(804, 108, '0001', 'LOGIN', 1000008, NULL, '2019-05-27 00:27:30'),
	(805, 107, '0001', 'LOGIN', 1000001, '{id:"bf99231c"}', '2019-05-27 00:27:30'),
	(806, 105, '0001', 'LOGOUT', 1000001, '{id:"ca565e50"}', '2019-05-27 00:27:30'),
	(807, 103, '0001', 'CREATED', 1000001, '{id:"ce4e49c6"}', '2019-05-27 00:27:30'),
	(808, 108, '0001', 'DELETED', 1000006, '{id:"cfed8c3c"}', '2019-05-27 00:27:30'),
	(809, 108, '0001', 'UPDATED', 1000002, '{id:"d2e5cec2"}', '2019-05-27 00:27:30'),
	(810, 107, '0002', 'CHANGED', 1000008, '{id:"dc7d0104"}', '2019-05-27 00:27:30'),
	(811, 109, '0002', 'RESTART', 1000003, '{id:"e3b87b15"}', '2019-05-27 00:27:30'),
	(812, 107, '0003', 'GENERATED', 1000009, '{id:"13052ba6"}', '2019-05-27 00:27:30'),
	(813, 105, '0004', 'ABORTED', 1000005, '{id:"21a3c74c"}', '2019-05-27 00:27:30'),
	(814, 104, '0002', 'DISK_FULL', 1000005, '{id:"28678bc7"}', '2019-05-27 00:27:30'),
	(815, 103, '0002', 'PARTITION_ERR', 1000001, '{id:"2f10f0a1"}', '2019-05-27 00:27:30'),
	(816, 104, '0001', 'LOGIN', 1000000, NULL, '2019-05-27 00:27:30'),
	(817, 107, '0001', 'LOGIN', 1000005, '{id:"bf99231c"}', '2019-05-27 00:27:30'),
	(818, 106, '0001', 'LOGOUT', 1000004, '{id:"ca565e50"}', '2019-05-27 00:27:30'),
	(819, 102, '0001', 'CREATED', 1000001, '{id:"ce4e49c6"}', '2019-05-27 00:27:30'),
	(820, 108, '0001', 'DELETED', 1000007, '{id:"cfed8c3c"}', '2019-05-27 00:27:30'),
	(821, 104, '0001', 'UPDATED', 1000007, '{id:"d2e5cec2"}', '2019-05-27 00:27:30'),
	(822, 106, '0002', 'CHANGED', 1000000, '{id:"dc7d0104"}', '2019-05-27 00:27:30'),
	(823, 100, '0002', 'RESTART', 1000000, '{id:"e3b87b15"}', '2019-05-27 00:27:30'),
	(824, 103, '0003', 'GENERATED', 1000006, '{id:"13052ba6"}', '2019-05-27 00:27:30'),
	(825, 102, '0004', 'ABORTED', 1000003, '{id:"21a3c74c"}', '2019-05-27 00:27:30'),
	(826, 107, '0002', 'DISK_FULL', 1000009, '{id:"28678bc7"}', '2019-05-27 00:27:30'),
	(827, 105, '0002', 'PARTITION_ERR', 1000000, '{id:"2f10f0a1"}', '2019-05-27 00:27:30'),
	(828, 102, '0001', 'LOGIN', 1000001, NULL, '2019-05-27 00:27:30'),
	(829, 108, '0001', 'LOGIN', 1000000, '{id:"bf99231c"}', '2019-05-27 00:27:30'),
	(830, 107, '0001', 'LOGOUT', 1000004, '{id:"ca565e50"}', '2019-05-27 00:27:30'),
	(831, 102, '0001', 'CREATED', 1000007, '{id:"ce4e49c6"}', '2019-05-27 00:27:30'),
	(832, 108, '0001', 'DELETED', 1000009, '{id:"cfed8c3c"}', '2019-05-27 00:27:30'),
	(833, 105, '0001', 'UPDATED', 1000006, '{id:"d2e5cec2"}', '2019-05-27 00:27:30'),
	(834, 105, '0002', 'CHANGED', 1000007, '{id:"dc7d0104"}', '2019-05-27 00:27:30'),
	(835, 103, '0002', 'RESTART', 1000003, '{id:"e3b87b15"}', '2019-05-27 00:27:30'),
	(836, 107, '0003', 'GENERATED', 1000008, '{id:"13052ba6"}', '2019-05-27 00:27:30'),
	(837, 108, '0004', 'ABORTED', 1000006, '{id:"21a3c74c"}', '2019-05-27 00:27:30'),
	(838, 109, '0002', 'DISK_FULL', 1000006, '{id:"28678bc7"}', '2019-05-27 00:27:30'),
	(839, 105, '0002', 'PARTITION_ERR', 1000006, '{id:"2f10f0a1"}', '2019-05-27 00:27:30'),
	(840, 105, '0001', 'LOGIN', 1000009, NULL, '2019-05-27 00:27:30'),
	(841, 100, '0001', 'LOGIN', 1000005, '{id:"bf99231c"}', '2019-05-27 00:27:30'),
	(842, 104, '0001', 'LOGOUT', 1000006, '{id:"ca565e50"}', '2019-05-27 00:27:30'),
	(843, 109, '0001', 'CREATED', 1000006, '{id:"ce4e49c6"}', '2019-05-27 00:27:30'),
	(844, 104, '0001', 'DELETED', 1000003, '{id:"cfed8c3c"}', '2019-05-27 00:27:30'),
	(845, 102, '0001', 'UPDATED', 1000001, '{id:"d2e5cec2"}', '2019-05-27 00:27:30'),
	(846, 101, '0002', 'CHANGED', 1000001, '{id:"dc7d0104"}', '2019-05-27 00:27:30'),
	(847, 103, '0002', 'RESTART', 1000001, '{id:"e3b87b15"}', '2019-05-27 00:27:30'),
	(848, 100, '0003', 'GENERATED', 1000004, '{id:"13052ba6"}', '2019-05-27 00:27:30'),
	(849, 101, '0004', 'ABORTED', 1000006, '{id:"21a3c74c"}', '2019-05-27 00:27:30'),
	(850, 105, '0002', 'DISK_FULL', 1000008, '{id:"28678bc7"}', '2019-05-27 00:27:30'),
	(851, 107, '0002', 'PARTITION_ERR', 1000009, '{id:"2f10f0a1"}', '2019-05-27 00:27:30'),
	(852, 104, '0001', 'LOGIN', 1000005, NULL, '2019-05-27 00:27:30'),
	(853, 103, '0001', 'LOGIN', 1000001, '{id:"bf99231c"}', '2019-05-27 00:27:30'),
	(854, 106, '0001', 'LOGOUT', 1000006, '{id:"ca565e50"}', '2019-05-27 00:27:30'),
	(855, 104, '0001', 'CREATED', 1000000, '{id:"ce4e49c6"}', '2019-05-27 00:27:30'),
	(856, 101, '0001', 'DELETED', 1000007, '{id:"cfed8c3c"}', '2019-05-27 00:27:30'),
	(857, 109, '0001', 'UPDATED', 1000007, '{id:"d2e5cec2"}', '2019-05-27 00:27:30'),
	(858, 108, '0002', 'CHANGED', 1000007, '{id:"dc7d0104"}', '2019-05-27 00:27:30'),
	(859, 105, '0002', 'RESTART', 1000002, '{id:"e3b87b15"}', '2019-05-27 00:27:30'),
	(860, 108, '0003', 'GENERATED', 1000003, '{id:"13052ba6"}', '2019-05-27 00:27:30'),
	(861, 100, '0004', 'ABORTED', 1000003, '{id:"21a3c74c"}', '2019-05-27 00:27:30'),
	(862, 103, '0002', 'DISK_FULL', 1000000, '{id:"28678bc7"}', '2019-05-27 00:27:30'),
	(863, 109, '0002', 'PARTITION_ERR', 1000006, '{id:"2f10f0a1"}', '2019-05-27 00:27:30'),
	(864, 104, '0001', 'LOGIN', 1000000, NULL, '2019-05-27 00:27:30'),
	(865, 102, '0001', 'LOGIN', 1000009, '{id:"bf99231c"}', '2019-05-27 00:27:30'),
	(866, 109, '0001', 'LOGOUT', 1000000, '{id:"ca565e50"}', '2019-05-27 00:27:30'),
	(867, 105, '0001', 'CREATED', 1000002, '{id:"ce4e49c6"}', '2019-05-27 00:27:30'),
	(868, 107, '0001', 'DELETED', 1000009, '{id:"cfed8c3c"}', '2019-05-27 00:27:30'),
	(869, 103, '0001', 'UPDATED', 1000000, '{id:"d2e5cec2"}', '2019-05-27 00:27:30'),
	(870, 101, '0002', 'CHANGED', 1000004, '{id:"dc7d0104"}', '2019-05-27 00:27:30'),
	(871, 108, '0002', 'RESTART', 1000007, '{id:"e3b87b15"}', '2019-05-27 00:27:30'),
	(872, 103, '0003', 'GENERATED', 1000003, '{id:"13052ba6"}', '2019-05-27 00:27:30'),
	(873, 107, '0004', 'ABORTED', 1000007, '{id:"21a3c74c"}', '2019-05-27 00:27:30'),
	(874, 105, '0002', 'DISK_FULL', 1000005, '{id:"28678bc7"}', '2019-05-27 00:27:30'),
	(875, 100, '0002', 'PARTITION_ERR', 1000004, '{id:"2f10f0a1"}', '2019-05-27 00:27:30'),
	(876, 102, '0001', 'LOGIN', 1000008, NULL, '2019-05-27 00:27:30'),
	(877, 103, '0001', 'LOGIN', 1000003, '{id:"bf99231c"}', '2019-05-27 00:27:30'),
	(878, 108, '0001', 'LOGOUT', 1000009, '{id:"ca565e50"}', '2019-05-27 00:27:30'),
	(879, 104, '0001', 'CREATED', 1000002, '{id:"ce4e49c6"}', '2019-05-27 00:27:30'),
	(880, 107, '0001', 'DELETED', 1000000, '{id:"cfed8c3c"}', '2019-05-27 00:27:30'),
	(881, 100, '0001', 'UPDATED', 1000001, '{id:"d2e5cec2"}', '2019-05-27 00:27:30'),
	(882, 105, '0002', 'CHANGED', 1000003, '{id:"dc7d0104"}', '2019-05-27 00:27:30'),
	(883, 109, '0002', 'RESTART', 1000006, '{id:"e3b87b15"}', '2019-05-27 00:27:30'),
	(884, 104, '0003', 'GENERATED', 1000004, '{id:"13052ba6"}', '2019-05-27 00:27:30'),
	(885, 106, '0004', 'ABORTED', 1000000, '{id:"21a3c74c"}', '2019-05-27 00:27:30'),
	(886, 102, '0002', 'DISK_FULL', 1000001, '{id:"28678bc7"}', '2019-05-27 00:27:30'),
	(887, 101, '0002', 'PARTITION_ERR', 1000003, '{id:"2f10f0a1"}', '2019-05-27 00:27:30'),
	(1015, 101, '0001', 'LOGIN', 1000007, NULL, '2019-05-27 00:27:31'),
	(1016, 101, '0001', 'LOGIN', 1000003, '{id:"bf99231c"}', '2019-05-27 00:27:31'),
	(1017, 106, '0001', 'LOGOUT', 1000002, '{id:"ca565e50"}', '2019-05-27 00:27:31'),
	(1018, 109, '0001', 'CREATED', 1000002, '{id:"ce4e49c6"}', '2019-05-27 00:27:31'),
	(1019, 104, '0001', 'DELETED', 1000005, '{id:"cfed8c3c"}', '2019-05-27 00:27:31'),
	(1020, 102, '0001', 'UPDATED', 1000005, '{id:"d2e5cec2"}', '2019-05-27 00:27:31'),
	(1021, 109, '0002', 'CHANGED', 1000003, '{id:"dc7d0104"}', '2019-05-27 00:27:31'),
	(1022, 108, '0002', 'RESTART', 1000000, '{id:"e3b87b15"}', '2019-05-27 00:27:31'),
	(1023, 107, '0003', 'GENERATED', 1000007, '{id:"13052ba6"}', '2019-05-27 00:27:31'),
	(1024, 103, '0004', 'ABORTED', 1000006, '{id:"21a3c74c"}', '2019-05-27 00:27:31'),
	(1025, 100, '0002', 'DISK_FULL', 1000001, '{id:"28678bc7"}', '2019-05-27 00:27:31'),
	(1026, 106, '0002', 'PARTITION_ERR', 1000000, '{id:"2f10f0a1"}', '2019-05-27 00:27:31'),
	(1027, 102, '0001', 'LOGIN', 1000008, NULL, '2019-05-27 00:27:31'),
	(1028, 107, '0001', 'LOGIN', 1000009, '{id:"bf99231c"}', '2019-05-27 00:27:31'),
	(1029, 107, '0001', 'LOGOUT', 1000006, '{id:"ca565e50"}', '2019-05-27 00:27:31'),
	(1030, 108, '0001', 'CREATED', 1000006, '{id:"ce4e49c6"}', '2019-05-27 00:27:31'),
	(1031, 107, '0001', 'DELETED', 1000007, '{id:"cfed8c3c"}', '2019-05-27 00:27:31'),
	(1032, 105, '0001', 'UPDATED', 1000005, '{id:"d2e5cec2"}', '2019-05-27 00:27:31'),
	(1033, 100, '0002', 'CHANGED', 1000004, '{id:"dc7d0104"}', '2019-05-27 00:27:31'),
	(1034, 103, '0002', 'RESTART', 1000004, '{id:"e3b87b15"}', '2019-05-27 00:27:31'),
	(1035, 100, '0003', 'GENERATED', 1000001, '{id:"13052ba6"}', '2019-05-27 00:27:31'),
	(1036, 102, '0004', 'ABORTED', 1000000, '{id:"21a3c74c"}', '2019-05-27 00:27:31'),
	(1037, 103, '0002', 'DISK_FULL', 1000007, '{id:"28678bc7"}', '2019-05-27 00:27:31'),
	(1038, 106, '0002', 'PARTITION_ERR', 1000000, '{id:"2f10f0a1"}', '2019-05-27 00:27:31'),
	(1039, 101, '0001', 'LOGIN', 1000007, NULL, '2019-05-27 00:27:31'),
	(1040, 101, '0001', 'LOGIN', 1000007, '{id:"bf99231c"}', '2019-05-27 00:27:31'),
	(1041, 101, '0001', 'LOGOUT', 1000005, '{id:"ca565e50"}', '2019-05-27 00:27:31'),
	(1042, 104, '0001', 'CREATED', 1000004, '{id:"ce4e49c6"}', '2019-05-27 00:27:31'),
	(1043, 109, '0001', 'DELETED', 1000004, '{id:"cfed8c3c"}', '2019-05-27 00:27:31'),
	(1044, 103, '0001', 'UPDATED', 1000003, '{id:"d2e5cec2"}', '2019-05-27 00:27:31'),
	(1045, 106, '0002', 'CHANGED', 1000000, '{id:"dc7d0104"}', '2019-05-27 00:27:31'),
	(1046, 105, '0002', 'RESTART', 1000005, '{id:"e3b87b15"}', '2019-05-27 00:27:31'),
	(1047, 108, '0003', 'GENERATED', 1000009, '{id:"13052ba6"}', '2019-05-27 00:27:31'),
	(1048, 101, '0004', 'ABORTED', 1000008, '{id:"21a3c74c"}', '2019-05-27 00:27:31'),
	(1049, 107, '0002', 'DISK_FULL', 1000001, '{id:"28678bc7"}', '2019-05-27 00:27:31'),
	(1050, 106, '0002', 'PARTITION_ERR', 1000009, '{id:"2f10f0a1"}', '2019-05-27 00:27:31'),
	(1051, 104, '0001', 'LOGIN', 1000007, NULL, '2019-05-27 00:27:31'),
	(1052, 100, '0001', 'LOGIN', 1000003, '{id:"bf99231c"}', '2019-05-27 00:27:31'),
	(1053, 104, '0001', 'LOGOUT', 1000000, '{id:"ca565e50"}', '2019-05-27 00:27:31'),
	(1054, 108, '0001', 'CREATED', 1000003, '{id:"ce4e49c6"}', '2019-05-27 00:27:31'),
	(1055, 109, '0001', 'DELETED', 1000008, '{id:"cfed8c3c"}', '2019-05-27 00:27:31'),
	(1056, 102, '0001', 'UPDATED', 1000005, '{id:"d2e5cec2"}', '2019-05-27 00:27:31'),
	(1057, 102, '0002', 'CHANGED', 1000006, '{id:"dc7d0104"}', '2019-05-27 00:27:31'),
	(1058, 103, '0002', 'RESTART', 1000007, '{id:"e3b87b15"}', '2019-05-27 00:27:31'),
	(1059, 107, '0003', 'GENERATED', 1000005, '{id:"13052ba6"}', '2019-05-27 00:27:31'),
	(1060, 105, '0004', 'ABORTED', 1000001, '{id:"21a3c74c"}', '2019-05-27 00:27:31'),
	(1061, 101, '0002', 'DISK_FULL', 1000000, '{id:"28678bc7"}', '2019-05-27 00:27:31'),
	(1062, 108, '0002', 'PARTITION_ERR', 1000003, '{id:"2f10f0a1"}', '2019-05-27 00:27:31'),
	(1063, 100, '0001', 'LOGIN', 1000002, NULL, '2019-05-27 00:27:31'),
	(1064, 101, '0001', 'LOGIN', 1000007, '{id:"bf99231c"}', '2019-05-27 00:27:31'),
	(1065, 104, '0001', 'LOGOUT', 1000001, '{id:"ca565e50"}', '2019-05-27 00:27:31'),
	(1066, 103, '0001', 'CREATED', 1000003, '{id:"ce4e49c6"}', '2019-05-27 00:27:31'),
	(1067, 105, '0001', 'DELETED', 1000005, '{id:"cfed8c3c"}', '2019-05-27 00:27:31'),
	(1068, 102, '0001', 'UPDATED', 1000007, '{id:"d2e5cec2"}', '2019-05-27 00:27:31'),
	(1069, 100, '0002', 'CHANGED', 1000000, '{id:"dc7d0104"}', '2019-05-27 00:27:31'),
	(1070, 100, '0002', 'RESTART', 1000000, '{id:"e3b87b15"}', '2019-05-27 00:27:31'),
	(1071, 100, '0003', 'GENERATED', 1000002, '{id:"13052ba6"}', '2019-05-27 00:27:31'),
	(1072, 100, '0004', 'ABORTED', 1000003, '{id:"21a3c74c"}', '2019-05-27 00:27:31'),
	(1073, 105, '0002', 'DISK_FULL', 1000005, '{id:"28678bc7"}', '2019-05-27 00:27:31'),
	(1074, 104, '0002', 'PARTITION_ERR', 1000005, '{id:"2f10f0a1"}', '2019-05-27 00:27:31'),
	(1075, 103, '0001', 'LOGIN', 1000008, NULL, '2019-05-27 00:27:31'),
	(1076, 105, '0001', 'LOGIN', 1000001, '{id:"bf99231c"}', '2019-05-27 00:27:31'),
	(1077, 102, '0001', 'LOGOUT', 1000005, '{id:"ca565e50"}', '2019-05-27 00:27:31'),
	(1078, 102, '0001', 'CREATED', 1000005, '{id:"ce4e49c6"}', '2019-05-27 00:27:31'),
	(1079, 108, '0001', 'DELETED', 1000008, '{id:"cfed8c3c"}', '2019-05-27 00:27:31'),
	(1080, 104, '0001', 'UPDATED', 1000009, '{id:"d2e5cec2"}', '2019-05-27 00:27:31'),
	(1081, 103, '0002', 'CHANGED', 1000008, '{id:"dc7d0104"}', '2019-05-27 00:27:31'),
	(1082, 102, '0002', 'RESTART', 1000007, '{id:"e3b87b15"}', '2019-05-27 00:27:31'),
	(1083, 100, '0003', 'GENERATED', 1000000, '{id:"13052ba6"}', '2019-05-27 00:27:31'),
	(1084, 101, '0004', 'ABORTED', 1000005, '{id:"21a3c74c"}', '2019-05-27 00:27:31'),
	(1085, 101, '0002', 'DISK_FULL', 1000002, '{id:"28678bc7"}', '2019-05-27 00:27:31'),
	(1086, 109, '0002', 'PARTITION_ERR', 1000008, '{id:"2f10f0a1"}', '2019-05-27 00:27:31'),
	(1087, 103, '0001', 'LOGIN', 1000000, NULL, '2019-05-27 00:27:31'),
	(1088, 103, '0001', 'LOGIN', 1000005, '{id:"bf99231c"}', '2019-05-27 00:27:31'),
	(1089, 107, '0001', 'LOGOUT', 1000000, '{id:"ca565e50"}', '2019-05-27 00:27:31'),
	(1090, 109, '0001', 'CREATED', 1000006, '{id:"ce4e49c6"}', '2019-05-27 00:27:31'),
	(1091, 103, '0001', 'DELETED', 1000006, '{id:"cfed8c3c"}', '2019-05-27 00:27:31'),
	(1092, 102, '0001', 'UPDATED', 1000001, '{id:"d2e5cec2"}', '2019-05-27 00:27:31'),
	(1093, 103, '0002', 'CHANGED', 1000001, '{id:"dc7d0104"}', '2019-05-27 00:27:31'),
	(1094, 106, '0002', 'RESTART', 1000007, '{id:"e3b87b15"}', '2019-05-27 00:27:31'),
	(1095, 108, '0003', 'GENERATED', 1000009, '{id:"13052ba6"}', '2019-05-27 00:27:31'),
	(1096, 104, '0004', 'ABORTED', 1000001, '{id:"21a3c74c"}', '2019-05-27 00:27:31'),
	(1097, 106, '0002', 'DISK_FULL', 1000005, '{id:"28678bc7"}', '2019-05-27 00:27:31'),
	(1098, 100, '0002', 'PARTITION_ERR', 1000005, '{id:"2f10f0a1"}', '2019-05-27 00:27:31'),
	(1099, 107, '0001', 'LOGIN', 1000000, NULL, '2019-05-27 00:27:31'),
	(1100, 107, '0001', 'LOGIN', 1000007, '{id:"bf99231c"}', '2019-05-27 00:27:31'),
	(1101, 103, '0001', 'LOGOUT', 1000007, '{id:"ca565e50"}', '2019-05-27 00:27:31'),
	(1102, 105, '0001', 'CREATED', 1000004, '{id:"ce4e49c6"}', '2019-05-27 00:27:31'),
	(1103, 104, '0001', 'DELETED', 1000002, '{id:"cfed8c3c"}', '2019-05-27 00:27:31'),
	(1104, 107, '0001', 'UPDATED', 1000009, '{id:"d2e5cec2"}', '2019-05-27 00:27:31'),
	(1105, 107, '0002', 'CHANGED', 1000005, '{id:"dc7d0104"}', '2019-05-27 00:27:31'),
	(1106, 108, '0002', 'RESTART', 1000003, '{id:"e3b87b15"}', '2019-05-27 00:27:31'),
	(1107, 102, '0003', 'GENERATED', 1000002, '{id:"13052ba6"}', '2019-05-27 00:27:31'),
	(1108, 105, '0004', 'ABORTED', 1000009, '{id:"21a3c74c"}', '2019-05-27 00:27:31'),
	(1109, 109, '0002', 'DISK_FULL', 1000008, '{id:"28678bc7"}', '2019-05-27 00:27:31'),
	(1110, 105, '0002', 'PARTITION_ERR', 1000002, '{id:"2f10f0a1"}', '2019-05-27 00:27:31'),
	(1111, 105, '0001', 'LOGIN', 1000009, NULL, '2019-05-27 00:27:31'),
	(1112, 103, '0001', 'LOGIN', 1000006, '{id:"bf99231c"}', '2019-05-27 00:27:31'),
	(1113, 101, '0001', 'LOGOUT', 1000000, '{id:"ca565e50"}', '2019-05-27 00:27:31'),
	(1114, 107, '0001', 'CREATED', 1000007, '{id:"ce4e49c6"}', '2019-05-27 00:27:31'),
	(1115, 102, '0001', 'DELETED', 1000000, '{id:"cfed8c3c"}', '2019-05-27 00:27:31'),
	(1116, 107, '0001', 'UPDATED', 1000003, '{id:"d2e5cec2"}', '2019-05-27 00:27:31'),
	(1117, 103, '0002', 'CHANGED', 1000009, '{id:"dc7d0104"}', '2019-05-27 00:27:31'),
	(1118, 107, '0002', 'RESTART', 1000007, '{id:"e3b87b15"}', '2019-05-27 00:27:31'),
	(1119, 106, '0003', 'GENERATED', 1000008, '{id:"13052ba6"}', '2019-05-27 00:27:31'),
	(1120, 101, '0004', 'ABORTED', 1000003, '{id:"21a3c74c"}', '2019-05-27 00:27:31'),
	(1121, 101, '0002', 'DISK_FULL', 1000007, '{id:"28678bc7"}', '2019-05-27 00:27:31'),
	(1122, 101, '0002', 'PARTITION_ERR', 1000005, '{id:"2f10f0a1"}', '2019-05-27 00:27:31'),
	(1123, 102, '0001', 'LOGIN', 1000006, NULL, '2019-05-27 00:27:31'),
	(1124, 106, '0001', 'LOGIN', 1000001, '{id:"bf99231c"}', '2019-05-27 00:27:31'),
	(1125, 106, '0001', 'LOGOUT', 1000000, '{id:"ca565e50"}', '2019-05-27 00:27:31'),
	(1126, 102, '0001', 'CREATED', 1000002, '{id:"ce4e49c6"}', '2019-05-27 00:27:31'),
	(1127, 102, '0001', 'DELETED', 1000007, '{id:"cfed8c3c"}', '2019-05-27 00:27:31'),
	(1128, 109, '0001', 'UPDATED', 1000006, '{id:"d2e5cec2"}', '2019-05-27 00:27:31'),
	(1129, 100, '0002', 'CHANGED', 1000005, '{id:"dc7d0104"}', '2019-05-27 00:27:31'),
	(1130, 106, '0002', 'RESTART', 1000003, '{id:"e3b87b15"}', '2019-05-27 00:27:31'),
	(1131, 109, '0003', 'GENERATED', 1000008, '{id:"13052ba6"}', '2019-05-27 00:27:31'),
	(1132, 102, '0004', 'ABORTED', 1000006, '{id:"21a3c74c"}', '2019-05-27 00:27:31'),
	(1133, 104, '0002', 'DISK_FULL', 1000005, '{id:"28678bc7"}', '2019-05-27 00:27:31'),
	(1134, 103, '0002', 'PARTITION_ERR', 1000002, '{id:"2f10f0a1"}', '2019-05-27 00:27:31'),
	(1135, 109, '0001', 'LOGIN', 1000009, NULL, '2019-05-27 00:27:31'),
	(1136, 108, '0001', 'LOGIN', 1000002, '{id:"bf99231c"}', '2019-05-27 00:27:31'),
	(1137, 100, '0001', 'LOGOUT', 1000002, '{id:"ca565e50"}', '2019-05-27 00:27:31'),
	(1138, 101, '0001', 'CREATED', 1000001, '{id:"ce4e49c6"}', '2019-05-27 00:27:31'),
	(1139, 102, '0001', 'DELETED', 1000005, '{id:"cfed8c3c"}', '2019-05-27 00:27:31'),
	(1140, 103, '0001', 'UPDATED', 1000009, '{id:"d2e5cec2"}', '2019-05-27 00:27:31'),
	(1141, 105, '0002', 'CHANGED', 1000008, '{id:"dc7d0104"}', '2019-05-27 00:27:31'),
	(1142, 108, '0002', 'RESTART', 1000006, '{id:"e3b87b15"}', '2019-05-27 00:27:31'),
	(1143, 107, '0003', 'GENERATED', 1000006, '{id:"13052ba6"}', '2019-05-27 00:27:31'),
	(1144, 102, '0004', 'ABORTED', 1000000, '{id:"21a3c74c"}', '2019-05-27 00:27:31'),
	(1145, 105, '0002', 'DISK_FULL', 1000007, '{id:"28678bc7"}', '2019-05-27 00:27:31'),
	(1146, 107, '0002', 'PARTITION_ERR', 1000008, '{id:"2f10f0a1"}', '2019-05-27 00:27:31'),
	(1147, 100, '0001', 'LOGIN', 1000006, NULL, '2019-05-27 00:27:31'),
	(1148, 109, '0001', 'LOGIN', 1000007, '{id:"bf99231c"}', '2019-05-27 00:27:31'),
	(1149, 101, '0001', 'LOGOUT', 1000001, '{id:"ca565e50"}', '2019-05-27 00:27:31'),
	(1150, 106, '0001', 'CREATED', 1000007, '{id:"ce4e49c6"}', '2019-05-27 00:27:31'),
	(1151, 105, '0001', 'DELETED', 1000005, '{id:"cfed8c3c"}', '2019-05-27 00:27:31'),
	(1152, 101, '0001', 'UPDATED', 1000002, '{id:"d2e5cec2"}', '2019-05-27 00:27:31'),
	(1153, 106, '0002', 'CHANGED', 1000003, '{id:"dc7d0104"}', '2019-05-27 00:27:31'),
	(1154, 108, '0002', 'RESTART', 1000003, '{id:"e3b87b15"}', '2019-05-27 00:27:31'),
	(1155, 102, '0003', 'GENERATED', 1000003, '{id:"13052ba6"}', '2019-05-27 00:27:31'),
	(1156, 107, '0004', 'ABORTED', 1000006, '{id:"21a3c74c"}', '2019-05-27 00:27:31'),
	(1157, 101, '0002', 'DISK_FULL', 1000007, '{id:"28678bc7"}', '2019-05-27 00:27:31'),
	(1158, 102, '0002', 'PARTITION_ERR', 1000000, '{id:"2f10f0a1"}', '2019-05-27 00:27:31'),
	(1159, 106, '0001', 'LOGIN', 1000000, NULL, '2019-05-27 00:27:31'),
	(1160, 102, '0001', 'LOGIN', 1000001, '{id:"bf99231c"}', '2019-05-27 00:27:31'),
	(1161, 109, '0001', 'LOGOUT', 1000001, '{id:"ca565e50"}', '2019-05-27 00:27:31'),
	(1162, 108, '0001', 'CREATED', 1000000, '{id:"ce4e49c6"}', '2019-05-27 00:27:31'),
	(1163, 104, '0001', 'DELETED', 1000000, '{id:"cfed8c3c"}', '2019-05-27 00:27:31'),
	(1164, 108, '0001', 'UPDATED', 1000000, '{id:"d2e5cec2"}', '2019-05-27 00:27:31'),
	(1165, 107, '0002', 'CHANGED', 1000006, '{id:"dc7d0104"}', '2019-05-27 00:27:31'),
	(1166, 100, '0002', 'RESTART', 1000003, '{id:"e3b87b15"}', '2019-05-27 00:27:31'),
	(1167, 105, '0003', 'GENERATED', 1000006, '{id:"13052ba6"}', '2019-05-27 00:27:31'),
	(1168, 107, '0004', 'ABORTED', 1000005, '{id:"21a3c74c"}', '2019-05-27 00:27:31'),
	(1169, 107, '0002', 'DISK_FULL', 1000008, '{id:"28678bc7"}', '2019-05-27 00:27:31'),
	(1170, 102, '0002', 'PARTITION_ERR', 1000005, '{id:"2f10f0a1"}', '2019-05-27 00:27:31'),
	(1171, 100, '0001', 'LOGIN', 1000004, NULL, '2019-05-27 00:27:31'),
	(1172, 100, '0001', 'LOGIN', 1000000, '{id:"bf99231c"}', '2019-05-27 00:27:31'),
	(1173, 102, '0001', 'LOGOUT', 1000000, '{id:"ca565e50"}', '2019-05-27 00:27:31'),
	(1174, 105, '0001', 'CREATED', 1000005, '{id:"ce4e49c6"}', '2019-05-27 00:27:31'),
	(1175, 102, '0001', 'DELETED', 1000006, '{id:"cfed8c3c"}', '2019-05-27 00:27:31'),
	(1176, 101, '0001', 'UPDATED', 1000001, '{id:"d2e5cec2"}', '2019-05-27 00:27:31'),
	(1177, 100, '0002', 'CHANGED', 1000007, '{id:"dc7d0104"}', '2019-05-27 00:27:31'),
	(1178, 105, '0002', 'RESTART', 1000003, '{id:"e3b87b15"}', '2019-05-27 00:27:31'),
	(1179, 104, '0003', 'GENERATED', 1000001, '{id:"13052ba6"}', '2019-05-27 00:27:31'),
	(1180, 102, '0004', 'ABORTED', 1000006, '{id:"21a3c74c"}', '2019-05-27 00:27:31'),
	(1181, 107, '0002', 'DISK_FULL', 1000008, '{id:"28678bc7"}', '2019-05-27 00:27:31'),
	(1182, 107, '0002', 'PARTITION_ERR', 1000003, '{id:"2f10f0a1"}', '2019-05-27 00:27:31'),
	(1183, 103, '0001', 'LOGIN', 1000008, NULL, '2019-05-27 00:27:31'),
	(1184, 102, '0001', 'LOGIN', 1000007, '{id:"bf99231c"}', '2019-05-27 00:27:31'),
	(1185, 109, '0001', 'LOGOUT', 1000003, '{id:"ca565e50"}', '2019-05-27 00:27:31'),
	(1186, 109, '0001', 'CREATED', 1000007, '{id:"ce4e49c6"}', '2019-05-27 00:27:31'),
	(1187, 107, '0001', 'DELETED', 1000007, '{id:"cfed8c3c"}', '2019-05-27 00:27:31'),
	(1188, 104, '0001', 'UPDATED', 1000000, '{id:"d2e5cec2"}', '2019-05-27 00:27:31'),
	(1189, 100, '0002', 'CHANGED', 1000008, '{id:"dc7d0104"}', '2019-05-27 00:27:31'),
	(1190, 101, '0002', 'RESTART', 1000002, '{id:"e3b87b15"}', '2019-05-27 00:27:31'),
	(1191, 106, '0003', 'GENERATED', 1000005, '{id:"13052ba6"}', '2019-05-27 00:27:31'),
	(1192, 108, '0004', 'ABORTED', 1000006, '{id:"21a3c74c"}', '2019-05-27 00:27:31'),
	(1193, 107, '0002', 'DISK_FULL', 1000006, '{id:"28678bc7"}', '2019-05-27 00:27:31'),
	(1194, 101, '0002', 'PARTITION_ERR', 1000007, '{id:"2f10f0a1"}', '2019-05-27 00:27:31'),
	(1195, 104, '0001', 'LOGIN', 1000000, NULL, '2019-05-27 00:27:31'),
	(1196, 109, '0001', 'LOGIN', 1000005, '{id:"bf99231c"}', '2019-05-27 00:27:31'),
	(1197, 109, '0001', 'LOGOUT', 1000000, '{id:"ca565e50"}', '2019-05-27 00:27:31'),
	(1198, 101, '0001', 'CREATED', 1000009, '{id:"ce4e49c6"}', '2019-05-27 00:27:31'),
	(1199, 102, '0001', 'DELETED', 1000003, '{id:"cfed8c3c"}', '2019-05-27 00:27:31'),
	(1200, 108, '0001', 'UPDATED', 1000001, '{id:"d2e5cec2"}', '2019-05-27 00:27:31'),
	(1201, 103, '0002', 'CHANGED', 1000003, '{id:"dc7d0104"}', '2019-05-27 00:27:31'),
	(1202, 107, '0002', 'RESTART', 1000007, '{id:"e3b87b15"}', '2019-05-27 00:27:31'),
	(1203, 102, '0003', 'GENERATED', 1000002, '{id:"13052ba6"}', '2019-05-27 00:27:31'),
	(1204, 101, '0004', 'ABORTED', 1000003, '{id:"21a3c74c"}', '2019-05-27 00:27:31'),
	(1205, 103, '0002', 'DISK_FULL', 1000005, '{id:"28678bc7"}', '2019-05-27 00:27:31'),
	(1206, 105, '0002', 'PARTITION_ERR', 1000003, '{id:"2f10f0a1"}', '2019-05-27 00:27:31'),
	(1207, 109, '0001', 'LOGIN', 1000008, NULL, '2019-05-27 00:27:31'),
	(1208, 103, '0001', 'LOGIN', 1000002, '{id:"bf99231c"}', '2019-05-27 00:27:31'),
	(1209, 101, '0001', 'LOGOUT', 1000001, '{id:"ca565e50"}', '2019-05-27 00:27:31'),
	(1210, 102, '0001', 'CREATED', 1000006, '{id:"ce4e49c6"}', '2019-05-27 00:27:31'),
	(1211, 106, '0001', 'DELETED', 1000000, '{id:"cfed8c3c"}', '2019-05-27 00:27:31'),
	(1212, 106, '0001', 'UPDATED', 1000007, '{id:"d2e5cec2"}', '2019-05-27 00:27:31'),
	(1213, 109, '0002', 'CHANGED', 1000005, '{id:"dc7d0104"}', '2019-05-27 00:27:31'),
	(1214, 108, '0002', 'RESTART', 1000008, '{id:"e3b87b15"}', '2019-05-27 00:27:31'),
	(1215, 103, '0003', 'GENERATED', 1000003, '{id:"13052ba6"}', '2019-05-27 00:27:31'),
	(1216, 105, '0004', 'ABORTED', 1000009, '{id:"21a3c74c"}', '2019-05-27 00:27:31'),
	(1217, 108, '0002', 'DISK_FULL', 1000005, '{id:"28678bc7"}', '2019-05-27 00:27:31'),
	(1218, 103, '0002', 'PARTITION_ERR', 1000008, '{id:"2f10f0a1"}', '2019-05-27 00:27:31'),
	(1219, 101, '0001', 'LOGIN', 1000002, NULL, '2019-05-27 00:27:31'),
	(1220, 106, '0001', 'LOGIN', 1000006, '{id:"bf99231c"}', '2019-05-27 00:27:31'),
	(1221, 104, '0001', 'LOGOUT', 1000003, '{id:"ca565e50"}', '2019-05-27 00:27:31'),
	(1222, 101, '0001', 'CREATED', 1000007, '{id:"ce4e49c6"}', '2019-05-27 00:27:31'),
	(1223, 103, '0001', 'DELETED', 1000003, '{id:"cfed8c3c"}', '2019-05-27 00:27:31'),
	(1224, 109, '0001', 'UPDATED', 1000004, '{id:"d2e5cec2"}', '2019-05-27 00:27:31'),
	(1225, 105, '0002', 'CHANGED', 1000004, '{id:"dc7d0104"}', '2019-05-27 00:27:31'),
	(1226, 104, '0002', 'RESTART', 1000001, '{id:"e3b87b15"}', '2019-05-27 00:27:31'),
	(1227, 103, '0003', 'GENERATED', 1000003, '{id:"13052ba6"}', '2019-05-27 00:27:31'),
	(1228, 105, '0004', 'ABORTED', 1000007, '{id:"21a3c74c"}', '2019-05-27 00:27:31'),
	(1229, 100, '0002', 'DISK_FULL', 1000001, '{id:"28678bc7"}', '2019-05-27 00:27:31'),
	(1230, 104, '0002', 'PARTITION_ERR', 1000009, '{id:"2f10f0a1"}', '2019-05-27 00:27:31'),
	(1231, 102, '0001', 'LOGIN', 1000006, NULL, '2019-05-27 00:27:31'),
	(1232, 103, '0001', 'LOGIN', 1000009, '{id:"bf99231c"}', '2019-05-27 00:27:31'),
	(1233, 106, '0001', 'LOGOUT', 1000002, '{id:"ca565e50"}', '2019-05-27 00:27:31'),
	(1234, 103, '0001', 'CREATED', 1000002, '{id:"ce4e49c6"}', '2019-05-27 00:27:31'),
	(1235, 108, '0001', 'DELETED', 1000008, '{id:"cfed8c3c"}', '2019-05-27 00:27:31'),
	(1236, 105, '0001', 'UPDATED', 1000000, '{id:"d2e5cec2"}', '2019-05-27 00:27:31'),
	(1237, 105, '0002', 'CHANGED', 1000007, '{id:"dc7d0104"}', '2019-05-27 00:27:31'),
	(1238, 109, '0002', 'RESTART', 1000007, '{id:"e3b87b15"}', '2019-05-27 00:27:31'),
	(1239, 106, '0003', 'GENERATED', 1000009, '{id:"13052ba6"}', '2019-05-27 00:27:31'),
	(1240, 107, '0004', 'ABORTED', 1000001, '{id:"21a3c74c"}', '2019-05-27 00:27:31'),
	(1241, 104, '0002', 'DISK_FULL', 1000006, '{id:"28678bc7"}', '2019-05-27 00:27:31'),
	(1242, 109, '0002', 'PARTITION_ERR', 1000009, '{id:"2f10f0a1"}', '2019-05-27 00:27:31'),
	(1243, 107, '0001', 'LOGIN', 1000007, NULL, '2019-05-27 00:27:31'),
	(1244, 108, '0001', 'LOGIN', 1000008, '{id:"bf99231c"}', '2019-05-27 00:27:31'),
	(1245, 106, '0001', 'LOGOUT', 1000006, '{id:"ca565e50"}', '2019-05-27 00:27:31'),
	(1246, 102, '0001', 'CREATED', 1000004, '{id:"ce4e49c6"}', '2019-05-27 00:27:31'),
	(1247, 103, '0001', 'DELETED', 1000003, '{id:"cfed8c3c"}', '2019-05-27 00:27:31'),
	(1248, 106, '0001', 'UPDATED', 1000001, '{id:"d2e5cec2"}', '2019-05-27 00:27:31'),
	(1249, 109, '0002', 'CHANGED', 1000003, '{id:"dc7d0104"}', '2019-05-27 00:27:31'),
	(1250, 109, '0002', 'RESTART', 1000007, '{id:"e3b87b15"}', '2019-05-27 00:27:31'),
	(1251, 108, '0003', 'GENERATED', 1000000, '{id:"13052ba6"}', '2019-05-27 00:27:31'),
	(1252, 106, '0004', 'ABORTED', 1000009, '{id:"21a3c74c"}', '2019-05-27 00:27:31'),
	(1253, 108, '0002', 'DISK_FULL', 1000003, '{id:"28678bc7"}', '2019-05-27 00:27:31'),
	(1254, 104, '0002', 'PARTITION_ERR', 1000001, '{id:"2f10f0a1"}', '2019-05-27 00:27:31'),
	(1255, 104, '0001', 'LOGIN', 1000007, NULL, '2019-05-27 00:27:31'),
	(1256, 103, '0001', 'LOGIN', 1000006, '{id:"bf99231c"}', '2019-05-27 00:27:31'),
	(1257, 102, '0001', 'LOGOUT', 1000003, '{id:"ca565e50"}', '2019-05-27 00:27:31'),
	(1258, 109, '0001', 'CREATED', 1000006, '{id:"ce4e49c6"}', '2019-05-27 00:27:31'),
	(1259, 103, '0001', 'DELETED', 1000008, '{id:"cfed8c3c"}', '2019-05-27 00:27:31'),
	(1260, 104, '0001', 'UPDATED', 1000003, '{id:"d2e5cec2"}', '2019-05-27 00:27:31'),
	(1261, 104, '0002', 'CHANGED', 1000004, '{id:"dc7d0104"}', '2019-05-27 00:27:31'),
	(1262, 107, '0002', 'RESTART', 1000002, '{id:"e3b87b15"}', '2019-05-27 00:27:31'),
	(1263, 100, '0003', 'GENERATED', 1000006, '{id:"13052ba6"}', '2019-05-27 00:27:31'),
	(1264, 101, '0004', 'ABORTED', 1000005, '{id:"21a3c74c"}', '2019-05-27 00:27:31'),
	(1265, 104, '0002', 'DISK_FULL', 1000005, '{id:"28678bc7"}', '2019-05-27 00:27:31'),
	(1266, 104, '0002', 'PARTITION_ERR', 1000005, '{id:"2f10f0a1"}', '2019-05-27 00:27:31'),
	(1267, 105, '0001', 'LOGIN', 1000008, NULL, '2019-05-27 00:27:31'),
	(1268, 109, '0001', 'LOGIN', 1000008, '{id:"bf99231c"}', '2019-05-27 00:27:31'),
	(1269, 105, '0001', 'LOGOUT', 1000000, '{id:"ca565e50"}', '2019-05-27 00:27:31'),
	(1270, 106, '0001', 'CREATED', 1000002, '{id:"ce4e49c6"}', '2019-05-27 00:27:31'),
	(1271, 102, '0001', 'DELETED', 1000004, '{id:"cfed8c3c"}', '2019-05-27 00:27:31'),
	(1272, 103, '0001', 'UPDATED', 1000004, '{id:"d2e5cec2"}', '2019-05-27 00:27:31'),
	(1273, 103, '0002', 'CHANGED', 1000001, '{id:"dc7d0104"}', '2019-05-27 00:27:31'),
	(1274, 108, '0002', 'RESTART', 1000005, '{id:"e3b87b15"}', '2019-05-27 00:27:31'),
	(1275, 104, '0003', 'GENERATED', 1000006, '{id:"13052ba6"}', '2019-05-27 00:27:31'),
	(1276, 107, '0004', 'ABORTED', 1000000, '{id:"21a3c74c"}', '2019-05-27 00:27:31'),
	(1277, 108, '0002', 'DISK_FULL', 1000009, '{id:"28678bc7"}', '2019-05-27 00:27:31'),
	(1278, 102, '0002', 'PARTITION_ERR', 1000005, '{id:"2f10f0a1"}', '2019-05-27 00:27:31'),
	(1279, 107, '0001', 'LOGIN', 1000003, NULL, '2019-05-27 00:27:31'),
	(1280, 102, '0001', 'LOGIN', 1000004, '{id:"bf99231c"}', '2019-05-27 00:27:31'),
	(1281, 105, '0001', 'LOGOUT', 1000004, '{id:"ca565e50"}', '2019-05-27 00:27:31'),
	(1282, 104, '0001', 'CREATED', 1000009, '{id:"ce4e49c6"}', '2019-05-27 00:27:31'),
	(1283, 104, '0001', 'DELETED', 1000004, '{id:"cfed8c3c"}', '2019-05-27 00:27:31'),
	(1284, 106, '0001', 'UPDATED', 1000008, '{id:"d2e5cec2"}', '2019-05-27 00:27:31'),
	(1285, 106, '0002', 'CHANGED', 1000004, '{id:"dc7d0104"}', '2019-05-27 00:27:31'),
	(1286, 103, '0002', 'RESTART', 1000003, '{id:"e3b87b15"}', '2019-05-27 00:27:31'),
	(1287, 106, '0003', 'GENERATED', 1000003, '{id:"13052ba6"}', '2019-05-27 00:27:31'),
	(1288, 108, '0004', 'ABORTED', 1000001, '{id:"21a3c74c"}', '2019-05-27 00:27:31'),
	(1289, 102, '0002', 'DISK_FULL', 1000009, '{id:"28678bc7"}', '2019-05-27 00:27:31'),
	(1290, 108, '0002', 'PARTITION_ERR', 1000005, '{id:"2f10f0a1"}', '2019-05-27 00:27:31'),
	(1291, 108, '0001', 'LOGIN', 1000009, NULL, '2019-05-27 00:27:31'),
	(1292, 101, '0001', 'LOGIN', 1000009, '{id:"bf99231c"}', '2019-05-27 00:27:31'),
	(1293, 103, '0001', 'LOGOUT', 1000000, '{id:"ca565e50"}', '2019-05-27 00:27:31'),
	(1294, 109, '0001', 'CREATED', 1000005, '{id:"ce4e49c6"}', '2019-05-27 00:27:31'),
	(1295, 108, '0001', 'DELETED', 1000006, '{id:"cfed8c3c"}', '2019-05-27 00:27:31'),
	(1296, 107, '0001', 'UPDATED', 1000008, '{id:"d2e5cec2"}', '2019-05-27 00:27:31'),
	(1297, 108, '0002', 'CHANGED', 1000006, '{id:"dc7d0104"}', '2019-05-27 00:27:31'),
	(1298, 107, '0002', 'RESTART', 1000006, '{id:"e3b87b15"}', '2019-05-27 00:27:31'),
	(1299, 100, '0003', 'GENERATED', 1000003, '{id:"13052ba6"}', '2019-05-27 00:27:31'),
	(1300, 107, '0004', 'ABORTED', 1000005, '{id:"21a3c74c"}', '2019-05-27 00:27:31'),
	(1301, 103, '0002', 'DISK_FULL', 1000000, '{id:"28678bc7"}', '2019-05-27 00:27:31'),
	(1302, 104, '0002', 'PARTITION_ERR', 1000001, '{id:"2f10f0a1"}', '2019-05-27 00:27:31'),
	(1303, 103, '0001', 'LOGIN', 1000003, NULL, '2019-05-27 00:27:31'),
	(1304, 106, '0001', 'LOGIN', 1000001, '{id:"bf99231c"}', '2019-05-27 00:27:31'),
	(1305, 107, '0001', 'LOGOUT', 1000002, '{id:"ca565e50"}', '2019-05-27 00:27:31'),
	(1306, 109, '0001', 'CREATED', 1000001, '{id:"ce4e49c6"}', '2019-05-27 00:27:31'),
	(1307, 108, '0001', 'DELETED', 1000006, '{id:"cfed8c3c"}', '2019-05-27 00:27:31'),
	(1308, 105, '0001', 'UPDATED', 1000001, '{id:"d2e5cec2"}', '2019-05-27 00:27:31'),
	(1309, 100, '0002', 'CHANGED', 1000007, '{id:"dc7d0104"}', '2019-05-27 00:27:31'),
	(1310, 104, '0002', 'RESTART', 1000001, '{id:"e3b87b15"}', '2019-05-27 00:27:31'),
	(1311, 102, '0003', 'GENERATED', 1000007, '{id:"13052ba6"}', '2019-05-27 00:27:31'),
	(1312, 109, '0004', 'ABORTED', 1000004, '{id:"21a3c74c"}', '2019-05-27 00:27:31'),
	(1313, 106, '0002', 'DISK_FULL', 1000006, '{id:"28678bc7"}', '2019-05-27 00:27:31'),
	(1314, 102, '0002', 'PARTITION_ERR', 1000002, '{id:"2f10f0a1"}', '2019-05-27 00:27:31'),
	(1315, 104, '0001', 'LOGIN', 1000007, NULL, '2019-05-27 00:27:31'),
	(1316, 104, '0001', 'LOGIN', 1000007, '{id:"bf99231c"}', '2019-05-27 00:27:31'),
	(1317, 105, '0001', 'LOGOUT', 1000005, '{id:"ca565e50"}', '2019-05-27 00:27:31'),
	(1318, 100, '0001', 'CREATED', 1000006, '{id:"ce4e49c6"}', '2019-05-27 00:27:31'),
	(1319, 102, '0001', 'DELETED', 1000000, '{id:"cfed8c3c"}', '2019-05-27 00:27:31'),
	(1320, 106, '0001', 'UPDATED', 1000001, '{id:"d2e5cec2"}', '2019-05-27 00:27:31'),
	(1321, 107, '0002', 'CHANGED', 1000001, '{id:"dc7d0104"}', '2019-05-27 00:27:31'),
	(1322, 105, '0002', 'RESTART', 1000001, '{id:"e3b87b15"}', '2019-05-27 00:27:31'),
	(1323, 102, '0003', 'GENERATED', 1000007, '{id:"13052ba6"}', '2019-05-27 00:27:31'),
	(1324, 100, '0004', 'ABORTED', 1000000, '{id:"21a3c74c"}', '2019-05-27 00:27:31'),
	(1325, 102, '0002', 'DISK_FULL', 1000009, '{id:"28678bc7"}', '2019-05-27 00:27:31'),
	(1326, 101, '0002', 'PARTITION_ERR', 1000005, '{id:"2f10f0a1"}', '2019-05-27 00:27:31'),
	(1327, 106, '0001', 'LOGIN', 1000005, NULL, '2019-05-27 00:27:31'),
	(1328, 107, '0001', 'LOGIN', 1000001, '{id:"bf99231c"}', '2019-05-27 00:27:31'),
	(1329, 106, '0001', 'LOGOUT', 1000006, '{id:"ca565e50"}', '2019-05-27 00:27:31'),
	(1330, 102, '0001', 'CREATED', 1000005, '{id:"ce4e49c6"}', '2019-05-27 00:27:31'),
	(1331, 106, '0001', 'DELETED', 1000007, '{id:"cfed8c3c"}', '2019-05-27 00:27:31'),
	(1332, 108, '0001', 'UPDATED', 1000000, '{id:"d2e5cec2"}', '2019-05-27 00:27:31'),
	(1333, 105, '0002', 'CHANGED', 1000005, '{id:"dc7d0104"}', '2019-05-27 00:27:31'),
	(1334, 102, '0002', 'RESTART', 1000006, '{id:"e3b87b15"}', '2019-05-27 00:27:31'),
	(1335, 105, '0003', 'GENERATED', 1000006, '{id:"13052ba6"}', '2019-05-27 00:27:31'),
	(1336, 104, '0004', 'ABORTED', 1000005, '{id:"21a3c74c"}', '2019-05-27 00:27:31'),
	(1337, 101, '0002', 'DISK_FULL', 1000000, '{id:"28678bc7"}', '2019-05-27 00:27:31'),
	(1338, 100, '0002', 'PARTITION_ERR', 1000000, '{id:"2f10f0a1"}', '2019-05-27 00:27:31'),
	(1339, 100, '0001', 'LOGIN', 1000009, NULL, '2019-05-27 00:27:31'),
	(1340, 107, '0001', 'LOGIN', 1000007, '{id:"bf99231c"}', '2019-05-27 00:27:31'),
	(1341, 106, '0001', 'LOGOUT', 1000009, '{id:"ca565e50"}', '2019-05-27 00:27:31'),
	(1342, 105, '0001', 'CREATED', 1000002, '{id:"ce4e49c6"}', '2019-05-27 00:27:31'),
	(1343, 105, '0001', 'DELETED', 1000007, '{id:"cfed8c3c"}', '2019-05-27 00:27:31'),
	(1344, 102, '0001', 'UPDATED', 1000000, '{id:"d2e5cec2"}', '2019-05-27 00:27:31'),
	(1345, 102, '0002', 'CHANGED', 1000002, '{id:"dc7d0104"}', '2019-05-27 00:27:31'),
	(1346, 105, '0002', 'RESTART', 1000008, '{id:"e3b87b15"}', '2019-05-27 00:27:31'),
	(1347, 107, '0003', 'GENERATED', 1000000, '{id:"13052ba6"}', '2019-05-27 00:27:31'),
	(1348, 102, '0004', 'ABORTED', 1000008, '{id:"21a3c74c"}', '2019-05-27 00:27:31'),
	(1349, 107, '0002', 'DISK_FULL', 1000008, '{id:"28678bc7"}', '2019-05-27 00:27:31'),
	(1350, 102, '0002', 'PARTITION_ERR', 1000006, '{id:"2f10f0a1"}', '2019-05-27 00:27:31'),
	(1351, 106, '0001', 'LOGIN', 1000002, NULL, '2019-05-27 00:27:31'),
	(1352, 101, '0001', 'LOGIN', 1000009, '{id:"bf99231c"}', '2019-05-27 00:27:31'),
	(1353, 102, '0001', 'LOGOUT', 1000004, '{id:"ca565e50"}', '2019-05-27 00:27:31'),
	(1354, 107, '0001', 'CREATED', 1000000, '{id:"ce4e49c6"}', '2019-05-27 00:27:31'),
	(1355, 101, '0001', 'DELETED', 1000005, '{id:"cfed8c3c"}', '2019-05-27 00:27:31'),
	(1356, 102, '0001', 'UPDATED', 1000008, '{id:"d2e5cec2"}', '2019-05-27 00:27:31'),
	(1357, 103, '0002', 'CHANGED', 1000002, '{id:"dc7d0104"}', '2019-05-27 00:27:31'),
	(1358, 103, '0002', 'RESTART', 1000006, '{id:"e3b87b15"}', '2019-05-27 00:27:31'),
	(1359, 105, '0003', 'GENERATED', 1000006, '{id:"13052ba6"}', '2019-05-27 00:27:31'),
	(1360, 106, '0004', 'ABORTED', 1000004, '{id:"21a3c74c"}', '2019-05-27 00:27:31'),
	(1361, 102, '0002', 'DISK_FULL', 1000008, '{id:"28678bc7"}', '2019-05-27 00:27:31'),
	(1362, 105, '0002', 'PARTITION_ERR', 1000002, '{id:"2f10f0a1"}', '2019-05-27 00:27:31'),
	(1363, 105, '0001', 'LOGIN', 1000001, NULL, '2019-05-27 00:27:31'),
	(1364, 109, '0001', 'LOGIN', 1000005, '{id:"bf99231c"}', '2019-05-27 00:27:31'),
	(1365, 106, '0001', 'LOGOUT', 1000007, '{id:"ca565e50"}', '2019-05-27 00:27:31'),
	(1366, 107, '0001', 'CREATED', 1000002, '{id:"ce4e49c6"}', '2019-05-27 00:27:31'),
	(1367, 103, '0001', 'DELETED', 1000008, '{id:"cfed8c3c"}', '2019-05-27 00:27:31'),
	(1368, 100, '0001', 'UPDATED', 1000006, '{id:"d2e5cec2"}', '2019-05-27 00:27:31'),
	(1369, 100, '0002', 'CHANGED', 1000004, '{id:"dc7d0104"}', '2019-05-27 00:27:31'),
	(1370, 102, '0002', 'RESTART', 1000005, '{id:"e3b87b15"}', '2019-05-27 00:27:31'),
	(1371, 102, '0003', 'GENERATED', 1000007, '{id:"13052ba6"}', '2019-05-27 00:27:31'),
	(1372, 107, '0004', 'ABORTED', 1000006, '{id:"21a3c74c"}', '2019-05-27 00:27:31'),
	(1373, 109, '0002', 'DISK_FULL', 1000007, '{id:"28678bc7"}', '2019-05-27 00:27:31'),
	(1374, 108, '0002', 'PARTITION_ERR', 1000001, '{id:"2f10f0a1"}', '2019-05-27 00:27:31'),
	(1375, 101, '0001', 'LOGIN', 1000003, NULL, '2019-05-27 00:27:31'),
	(1376, 104, '0001', 'LOGIN', 1000008, '{id:"bf99231c"}', '2019-05-27 00:27:31'),
	(1377, 101, '0001', 'LOGOUT', 1000001, '{id:"ca565e50"}', '2019-05-27 00:27:31'),
	(1378, 103, '0001', 'CREATED', 1000002, '{id:"ce4e49c6"}', '2019-05-27 00:27:31'),
	(1379, 102, '0001', 'DELETED', 1000003, '{id:"cfed8c3c"}', '2019-05-27 00:27:31'),
	(1380, 100, '0001', 'UPDATED', 1000004, '{id:"d2e5cec2"}', '2019-05-27 00:27:31'),
	(1381, 108, '0002', 'CHANGED', 1000001, '{id:"dc7d0104"}', '2019-05-27 00:27:31'),
	(1382, 108, '0002', 'RESTART', 1000001, '{id:"e3b87b15"}', '2019-05-27 00:27:31'),
	(1383, 109, '0003', 'GENERATED', 1000005, '{id:"13052ba6"}', '2019-05-27 00:27:31'),
	(1384, 105, '0004', 'ABORTED', 1000004, '{id:"21a3c74c"}', '2019-05-27 00:27:31'),
	(1385, 105, '0002', 'DISK_FULL', 1000004, '{id:"28678bc7"}', '2019-05-27 00:27:31'),
	(1386, 105, '0002', 'PARTITION_ERR', 1000001, '{id:"2f10f0a1"}', '2019-05-27 00:27:31'),
	(1387, 104, '0001', 'LOGIN', 1000005, NULL, '2019-05-27 00:27:31'),
	(1388, 104, '0001', 'LOGIN', 1000004, '{id:"bf99231c"}', '2019-05-27 00:27:31'),
	(1389, 109, '0001', 'LOGOUT', 1000003, '{id:"ca565e50"}', '2019-05-27 00:27:31'),
	(1390, 100, '0001', 'CREATED', 1000000, '{id:"ce4e49c6"}', '2019-05-27 00:27:31'),
	(1391, 100, '0001', 'DELETED', 1000002, '{id:"cfed8c3c"}', '2019-05-27 00:27:31'),
	(1392, 101, '0001', 'UPDATED', 1000009, '{id:"d2e5cec2"}', '2019-05-27 00:27:31'),
	(1393, 101, '0002', 'CHANGED', 1000000, '{id:"dc7d0104"}', '2019-05-27 00:27:31'),
	(1394, 109, '0002', 'RESTART', 1000003, '{id:"e3b87b15"}', '2019-05-27 00:27:31'),
	(1395, 109, '0003', 'GENERATED', 1000006, '{id:"13052ba6"}', '2019-05-27 00:27:31'),
	(1396, 104, '0004', 'ABORTED', 1000003, '{id:"21a3c74c"}', '2019-05-27 00:27:31'),
	(1397, 104, '0002', 'DISK_FULL', 1000009, '{id:"28678bc7"}', '2019-05-27 00:27:31'),
	(1398, 107, '0002', 'PARTITION_ERR', 1000005, '{id:"2f10f0a1"}', '2019-05-27 00:27:31'),
	(1399, 107, '0001', 'LOGIN', 1000009, NULL, '2019-05-27 00:27:31'),
	(1400, 106, '0001', 'LOGIN', 1000002, '{id:"bf99231c"}', '2019-05-27 00:27:31'),
	(1401, 105, '0001', 'LOGOUT', 1000007, '{id:"ca565e50"}', '2019-05-27 00:27:31'),
	(1402, 100, '0001', 'CREATED', 1000008, '{id:"ce4e49c6"}', '2019-05-27 00:27:31'),
	(1403, 104, '0001', 'DELETED', 1000004, '{id:"cfed8c3c"}', '2019-05-27 00:27:31'),
	(1404, 109, '0001', 'UPDATED', 1000005, '{id:"d2e5cec2"}', '2019-05-27 00:27:31'),
	(1405, 109, '0002', 'CHANGED', 1000009, '{id:"dc7d0104"}', '2019-05-27 00:27:31'),
	(1406, 109, '0002', 'RESTART', 1000000, '{id:"e3b87b15"}', '2019-05-27 00:27:31'),
	(1407, 101, '0003', 'GENERATED', 1000007, '{id:"13052ba6"}', '2019-05-27 00:27:31'),
	(1408, 102, '0004', 'ABORTED', 1000009, '{id:"21a3c74c"}', '2019-05-27 00:27:31'),
	(1409, 100, '0002', 'DISK_FULL', 1000002, '{id:"28678bc7"}', '2019-05-27 00:27:31'),
	(1410, 101, '0002', 'PARTITION_ERR', 1000000, '{id:"2f10f0a1"}', '2019-05-27 00:27:31'),
	(1411, 109, '0001', 'LOGIN', 1000006, NULL, '2019-05-27 00:27:31'),
	(1412, 103, '0001', 'LOGIN', 1000008, '{id:"bf99231c"}', '2019-05-27 00:27:31'),
	(1413, 101, '0001', 'LOGOUT', 1000009, '{id:"ca565e50"}', '2019-05-27 00:27:31'),
	(1414, 106, '0001', 'CREATED', 1000002, '{id:"ce4e49c6"}', '2019-05-27 00:27:31'),
	(1415, 105, '0001', 'DELETED', 1000006, '{id:"cfed8c3c"}', '2019-05-27 00:27:31'),
	(1416, 107, '0001', 'UPDATED', 1000009, '{id:"d2e5cec2"}', '2019-05-27 00:27:31'),
	(1417, 102, '0002', 'CHANGED', 1000003, '{id:"dc7d0104"}', '2019-05-27 00:27:31'),
	(1418, 109, '0002', 'RESTART', 1000007, '{id:"e3b87b15"}', '2019-05-27 00:27:31'),
	(1419, 109, '0003', 'GENERATED', 1000006, '{id:"13052ba6"}', '2019-05-27 00:27:31'),
	(1420, 101, '0004', 'ABORTED', 1000009, '{id:"21a3c74c"}', '2019-05-27 00:27:31'),
	(1421, 104, '0002', 'DISK_FULL', 1000003, '{id:"28678bc7"}', '2019-05-27 00:27:31'),
	(1422, 102, '0002', 'PARTITION_ERR', 1000000, '{id:"2f10f0a1"}', '2019-05-27 00:27:31'),
	(1423, 107, '0001', 'LOGIN', 1000005, NULL, '2019-05-27 00:27:31'),
	(1424, 106, '0001', 'LOGIN', 1000002, '{id:"bf99231c"}', '2019-05-27 00:27:31'),
	(1425, 106, '0001', 'LOGOUT', 1000003, '{id:"ca565e50"}', '2019-05-27 00:27:31'),
	(1426, 108, '0001', 'CREATED', 1000002, '{id:"ce4e49c6"}', '2019-05-27 00:27:31'),
	(1427, 107, '0001', 'DELETED', 1000007, '{id:"cfed8c3c"}', '2019-05-27 00:27:31'),
	(1428, 106, '0001', 'UPDATED', 1000007, '{id:"d2e5cec2"}', '2019-05-27 00:27:31'),
	(1429, 101, '0002', 'CHANGED', 1000001, '{id:"dc7d0104"}', '2019-05-27 00:27:31'),
	(1430, 105, '0002', 'RESTART', 1000002, '{id:"e3b87b15"}', '2019-05-27 00:27:31'),
	(1431, 105, '0003', 'GENERATED', 1000009, '{id:"13052ba6"}', '2019-05-27 00:27:31'),
	(1432, 102, '0004', 'ABORTED', 1000001, '{id:"21a3c74c"}', '2019-05-27 00:27:31'),
	(1433, 109, '0002', 'DISK_FULL', 1000006, '{id:"28678bc7"}', '2019-05-27 00:27:31'),
	(1434, 101, '0002', 'PARTITION_ERR', 1000007, '{id:"2f10f0a1"}', '2019-05-27 00:27:31'),
	(1435, 104, '0001', 'LOGIN', 1000009, NULL, '2019-05-27 00:27:31'),
	(1436, 102, '0001', 'LOGIN', 1000004, '{id:"bf99231c"}', '2019-05-27 00:27:31'),
	(1437, 105, '0001', 'LOGOUT', 1000004, '{id:"ca565e50"}', '2019-05-27 00:27:31'),
	(1438, 103, '0001', 'CREATED', 1000005, '{id:"ce4e49c6"}', '2019-05-27 00:27:31'),
	(1439, 108, '0001', 'DELETED', 1000003, '{id:"cfed8c3c"}', '2019-05-27 00:27:31'),
	(1440, 104, '0001', 'UPDATED', 1000001, '{id:"d2e5cec2"}', '2019-05-27 00:27:31'),
	(1441, 102, '0002', 'CHANGED', 1000008, '{id:"dc7d0104"}', '2019-05-27 00:27:31'),
	(1442, 106, '0002', 'RESTART', 1000004, '{id:"e3b87b15"}', '2019-05-27 00:27:31'),
	(1443, 103, '0003', 'GENERATED', 1000002, '{id:"13052ba6"}', '2019-05-27 00:27:31'),
	(1444, 104, '0004', 'ABORTED', 1000003, '{id:"21a3c74c"}', '2019-05-27 00:27:31'),
	(1445, 104, '0002', 'DISK_FULL', 1000000, '{id:"28678bc7"}', '2019-05-27 00:27:31'),
	(1446, 109, '0002', 'PARTITION_ERR', 1000007, '{id:"2f10f0a1"}', '2019-05-27 00:27:31'),
	(1447, 107, '0001', 'LOGIN', 1000004, NULL, '2019-05-27 00:27:31'),
	(1448, 109, '0001', 'LOGIN', 1000006, '{id:"bf99231c"}', '2019-05-27 00:27:31'),
	(1449, 100, '0001', 'LOGOUT', 1000006, '{id:"ca565e50"}', '2019-05-27 00:27:31'),
	(1450, 109, '0001', 'CREATED', 1000006, '{id:"ce4e49c6"}', '2019-05-27 00:27:31'),
	(1451, 103, '0001', 'DELETED', 1000000, '{id:"cfed8c3c"}', '2019-05-27 00:27:31'),
	(1452, 101, '0001', 'UPDATED', 1000005, '{id:"d2e5cec2"}', '2019-05-27 00:27:31'),
	(1453, 101, '0002', 'CHANGED', 1000000, '{id:"dc7d0104"}', '2019-05-27 00:27:31'),
	(1454, 100, '0002', 'RESTART', 1000000, '{id:"e3b87b15"}', '2019-05-27 00:27:31'),
	(1455, 100, '0003', 'GENERATED', 1000000, '{id:"13052ba6"}', '2019-05-27 00:27:31'),
	(1456, 109, '0004', 'ABORTED', 1000006, '{id:"21a3c74c"}', '2019-05-27 00:27:31'),
	(1457, 106, '0002', 'DISK_FULL', 1000009, '{id:"28678bc7"}', '2019-05-27 00:27:31'),
	(1458, 101, '0002', 'PARTITION_ERR', 1000008, '{id:"2f10f0a1"}', '2019-05-27 00:27:31'),
	(1459, 106, '0001', 'LOGIN', 1000005, NULL, '2019-05-27 00:27:31'),
	(1460, 100, '0001', 'LOGIN', 1000004, '{id:"bf99231c"}', '2019-05-27 00:27:31'),
	(1461, 100, '0001', 'LOGOUT', 1000009, '{id:"ca565e50"}', '2019-05-27 00:27:31'),
	(1462, 106, '0001', 'CREATED', 1000004, '{id:"ce4e49c6"}', '2019-05-27 00:27:31'),
	(1463, 102, '0001', 'DELETED', 1000007, '{id:"cfed8c3c"}', '2019-05-27 00:27:31'),
	(1464, 109, '0001', 'UPDATED', 1000005, '{id:"d2e5cec2"}', '2019-05-27 00:27:31'),
	(1465, 109, '0002', 'CHANGED', 1000000, '{id:"dc7d0104"}', '2019-05-27 00:27:31'),
	(1466, 102, '0002', 'RESTART', 1000001, '{id:"e3b87b15"}', '2019-05-27 00:27:31'),
	(1467, 102, '0003', 'GENERATED', 1000004, '{id:"13052ba6"}', '2019-05-27 00:27:31'),
	(1468, 106, '0004', 'ABORTED', 1000001, '{id:"21a3c74c"}', '2019-05-27 00:27:31'),
	(1469, 104, '0002', 'DISK_FULL', 1000009, '{id:"28678bc7"}', '2019-05-27 00:27:31'),
	(1470, 105, '0002', 'PARTITION_ERR', 1000008, '{id:"2f10f0a1"}', '2019-05-27 00:27:31'),
	(1471, 103, '0001', 'LOGIN', 1000003, NULL, '2019-05-27 00:27:31'),
	(1472, 107, '0001', 'LOGIN', 1000006, '{id:"bf99231c"}', '2019-05-27 00:27:31'),
	(1473, 109, '0001', 'LOGOUT', 1000008, '{id:"ca565e50"}', '2019-05-27 00:27:31'),
	(1474, 104, '0001', 'CREATED', 1000007, '{id:"ce4e49c6"}', '2019-05-27 00:27:31'),
	(1475, 102, '0001', 'DELETED', 1000000, '{id:"cfed8c3c"}', '2019-05-27 00:27:31'),
	(1476, 105, '0001', 'UPDATED', 1000007, '{id:"d2e5cec2"}', '2019-05-27 00:27:31'),
	(1477, 100, '0002', 'CHANGED', 1000001, '{id:"dc7d0104"}', '2019-05-27 00:27:31'),
	(1478, 103, '0002', 'RESTART', 1000003, '{id:"e3b87b15"}', '2019-05-27 00:27:31'),
	(1479, 109, '0003', 'GENERATED', 1000003, '{id:"13052ba6"}', '2019-05-27 00:27:31'),
	(1480, 101, '0004', 'ABORTED', 1000005, '{id:"21a3c74c"}', '2019-05-27 00:27:31'),
	(1481, 105, '0002', 'DISK_FULL', 1000009, '{id:"28678bc7"}', '2019-05-27 00:27:31'),
	(1482, 101, '0002', 'PARTITION_ERR', 1000007, '{id:"2f10f0a1"}', '2019-05-27 00:27:31'),
	(1483, 102, '0001', 'LOGIN', 1000001, NULL, '2019-05-27 00:27:31'),
	(1484, 108, '0001', 'LOGIN', 1000006, '{id:"bf99231c"}', '2019-05-27 00:27:31'),
	(1485, 100, '0001', 'LOGOUT', 1000002, '{id:"ca565e50"}', '2019-05-27 00:27:31'),
	(1486, 109, '0001', 'CREATED', 1000002, '{id:"ce4e49c6"}', '2019-05-27 00:27:31'),
	(1487, 101, '0001', 'DELETED', 1000008, '{id:"cfed8c3c"}', '2019-05-27 00:27:31'),
	(1488, 101, '0001', 'UPDATED', 1000000, '{id:"d2e5cec2"}', '2019-05-27 00:27:31'),
	(1489, 106, '0002', 'CHANGED', 1000002, '{id:"dc7d0104"}', '2019-05-27 00:27:31'),
	(1490, 102, '0002', 'RESTART', 1000005, '{id:"e3b87b15"}', '2019-05-27 00:27:31'),
	(1491, 100, '0003', 'GENERATED', 1000005, '{id:"13052ba6"}', '2019-05-27 00:27:31'),
	(1492, 105, '0004', 'ABORTED', 1000009, '{id:"21a3c74c"}', '2019-05-27 00:27:31'),
	(1493, 103, '0002', 'DISK_FULL', 1000009, '{id:"28678bc7"}', '2019-05-27 00:27:31'),
	(1494, 104, '0002', 'PARTITION_ERR', 1000003, '{id:"2f10f0a1"}', '2019-05-27 00:27:31'),
	(1495, 105, '0001', 'LOGIN', 1000008, NULL, '2019-05-27 00:27:31'),
	(1496, 103, '0001', 'LOGIN', 1000001, '{id:"bf99231c"}', '2019-05-27 00:27:31'),
	(1497, 106, '0001', 'LOGOUT', 1000000, '{id:"ca565e50"}', '2019-05-27 00:27:31'),
	(1498, 100, '0001', 'CREATED', 1000003, '{id:"ce4e49c6"}', '2019-05-27 00:27:31'),
	(1499, 106, '0001', 'DELETED', 1000002, '{id:"cfed8c3c"}', '2019-05-27 00:27:31'),
	(1500, 103, '0001', 'UPDATED', 1000000, '{id:"d2e5cec2"}', '2019-05-27 00:27:31'),
	(1501, 102, '0002', 'CHANGED', 1000009, '{id:"dc7d0104"}', '2019-05-27 00:27:31'),
	(1502, 100, '0002', 'RESTART', 1000003, '{id:"e3b87b15"}', '2019-05-27 00:27:31'),
	(1503, 105, '0003', 'GENERATED', 1000008, '{id:"13052ba6"}', '2019-05-27 00:27:31'),
	(1504, 106, '0004', 'ABORTED', 1000004, '{id:"21a3c74c"}', '2019-05-27 00:27:31'),
	(1505, 105, '0002', 'DISK_FULL', 1000002, '{id:"28678bc7"}', '2019-05-27 00:27:31'),
	(1506, 107, '0002', 'PARTITION_ERR', 1000008, '{id:"2f10f0a1"}', '2019-05-27 00:27:31'),
	(1507, 102, '0001', 'LOGIN', 1000005, NULL, '2019-05-27 00:27:31'),
	(1508, 109, '0001', 'LOGIN', 1000003, '{id:"bf99231c"}', '2019-05-27 00:27:31'),
	(1509, 107, '0001', 'LOGOUT', 1000006, '{id:"ca565e50"}', '2019-05-27 00:27:31'),
	(1510, 101, '0001', 'CREATED', 1000007, '{id:"ce4e49c6"}', '2019-05-27 00:27:31'),
	(1511, 103, '0001', 'DELETED', 1000003, '{id:"cfed8c3c"}', '2019-05-27 00:27:31'),
	(1512, 109, '0001', 'UPDATED', 1000006, '{id:"d2e5cec2"}', '2019-05-27 00:27:31'),
	(1513, 104, '0002', 'CHANGED', 1000004, '{id:"dc7d0104"}', '2019-05-27 00:27:31'),
	(1514, 106, '0002', 'RESTART', 1000000, '{id:"e3b87b15"}', '2019-05-27 00:27:31'),
	(1515, 102, '0003', 'GENERATED', 1000002, '{id:"13052ba6"}', '2019-05-27 00:27:31'),
	(1516, 102, '0004', 'ABORTED', 1000007, '{id:"21a3c74c"}', '2019-05-27 00:27:31'),
	(1517, 108, '0002', 'DISK_FULL', 1000000, '{id:"28678bc7"}', '2019-05-27 00:27:31'),
	(1518, 108, '0002', 'PARTITION_ERR', 1000000, '{id:"2f10f0a1"}', '2019-05-27 00:27:31'),
	(1519, 105, '0001', 'LOGIN', 1000006, NULL, '2019-05-27 00:27:31'),
	(1520, 107, '0001', 'LOGIN', 1000007, '{id:"bf99231c"}', '2019-05-27 00:27:31'),
	(1521, 104, '0001', 'LOGOUT', 1000008, '{id:"ca565e50"}', '2019-05-27 00:27:31'),
	(1522, 100, '0001', 'CREATED', 1000008, '{id:"ce4e49c6"}', '2019-05-27 00:27:31'),
	(1523, 107, '0001', 'DELETED', 1000004, '{id:"cfed8c3c"}', '2019-05-27 00:27:31'),
	(1524, 100, '0001', 'UPDATED', 1000009, '{id:"d2e5cec2"}', '2019-05-27 00:27:31'),
	(1525, 104, '0002', 'CHANGED', 1000004, '{id:"dc7d0104"}', '2019-05-27 00:27:31'),
	(1526, 108, '0002', 'RESTART', 1000009, '{id:"e3b87b15"}', '2019-05-27 00:27:31'),
	(1527, 101, '0003', 'GENERATED', 1000001, '{id:"13052ba6"}', '2019-05-27 00:27:31'),
	(1528, 109, '0004', 'ABORTED', 1000003, '{id:"21a3c74c"}', '2019-05-27 00:27:31'),
	(1529, 100, '0002', 'DISK_FULL', 1000001, '{id:"28678bc7"}', '2019-05-27 00:27:31'),
	(1530, 105, '0002', 'PARTITION_ERR', 1000001, '{id:"2f10f0a1"}', '2019-05-27 00:27:31'),
	(1531, 104, '0001', 'LOGIN', 1000005, NULL, '2019-05-27 00:27:31'),
	(1532, 105, '0001', 'LOGIN', 1000000, '{id:"bf99231c"}', '2019-05-27 00:27:31'),
	(1533, 107, '0001', 'LOGOUT', 1000004, '{id:"ca565e50"}', '2019-05-27 00:27:31'),
	(1534, 109, '0001', 'CREATED', 1000002, '{id:"ce4e49c6"}', '2019-05-27 00:27:31'),
	(1535, 105, '0001', 'DELETED', 1000000, '{id:"cfed8c3c"}', '2019-05-27 00:27:31'),
	(1536, 106, '0001', 'UPDATED', 1000001, '{id:"d2e5cec2"}', '2019-05-27 00:27:31'),
	(1537, 106, '0002', 'CHANGED', 1000009, '{id:"dc7d0104"}', '2019-05-27 00:27:31'),
	(1538, 107, '0002', 'RESTART', 1000007, '{id:"e3b87b15"}', '2019-05-27 00:27:31'),
	(1539, 107, '0003', 'GENERATED', 1000002, '{id:"13052ba6"}', '2019-05-27 00:27:31'),
	(1540, 109, '0004', 'ABORTED', 1000009, '{id:"21a3c74c"}', '2019-05-27 00:27:31'),
	(1541, 108, '0002', 'DISK_FULL', 1000006, '{id:"28678bc7"}', '2019-05-27 00:27:31'),
	(1542, 104, '0002', 'PARTITION_ERR', 1000003, '{id:"2f10f0a1"}', '2019-05-27 00:27:31'),
	(1543, 104, '0001', 'LOGIN', 1000000, NULL, '2019-05-27 00:27:31'),
	(1544, 109, '0001', 'LOGIN', 1000008, '{id:"bf99231c"}', '2019-05-27 00:27:31'),
	(1545, 100, '0001', 'LOGOUT', 1000008, '{id:"ca565e50"}', '2019-05-27 00:27:31'),
	(1546, 102, '0001', 'CREATED', 1000004, '{id:"ce4e49c6"}', '2019-05-27 00:27:31'),
	(1547, 107, '0001', 'DELETED', 1000003, '{id:"cfed8c3c"}', '2019-05-27 00:27:31'),
	(1548, 104, '0001', 'UPDATED', 1000000, '{id:"d2e5cec2"}', '2019-05-27 00:27:31'),
	(1549, 100, '0002', 'CHANGED', 1000009, '{id:"dc7d0104"}', '2019-05-27 00:27:31'),
	(1550, 106, '0002', 'RESTART', 1000002, '{id:"e3b87b15"}', '2019-05-27 00:27:31'),
	(1551, 105, '0003', 'GENERATED', 1000007, '{id:"13052ba6"}', '2019-05-27 00:27:31'),
	(1552, 100, '0004', 'ABORTED', 1000009, '{id:"21a3c74c"}', '2019-05-27 00:27:31'),
	(1553, 108, '0002', 'DISK_FULL', 1000003, '{id:"28678bc7"}', '2019-05-27 00:27:31'),
	(1554, 100, '0002', 'PARTITION_ERR', 1000004, '{id:"2f10f0a1"}', '2019-05-27 00:27:31'),
	(1555, 107, '0001', 'LOGIN', 1000007, NULL, '2019-05-27 00:27:31'),
	(1556, 102, '0001', 'LOGIN', 1000008, '{id:"bf99231c"}', '2019-05-27 00:27:31'),
	(1557, 108, '0001', 'LOGOUT', 1000006, '{id:"ca565e50"}', '2019-05-27 00:27:31'),
	(1558, 105, '0001', 'CREATED', 1000000, '{id:"ce4e49c6"}', '2019-05-27 00:27:31'),
	(1559, 105, '0001', 'DELETED', 1000003, '{id:"cfed8c3c"}', '2019-05-27 00:27:31'),
	(1560, 104, '0001', 'UPDATED', 1000009, '{id:"d2e5cec2"}', '2019-05-27 00:27:31'),
	(1561, 104, '0002', 'CHANGED', 1000006, '{id:"dc7d0104"}', '2019-05-27 00:27:31'),
	(1562, 106, '0002', 'RESTART', 1000002, '{id:"e3b87b15"}', '2019-05-27 00:27:31'),
	(1563, 104, '0003', 'GENERATED', 1000002, '{id:"13052ba6"}', '2019-05-27 00:27:31'),
	(1564, 109, '0004', 'ABORTED', 1000001, '{id:"21a3c74c"}', '2019-05-27 00:27:31'),
	(1565, 108, '0002', 'DISK_FULL', 1000009, '{id:"28678bc7"}', '2019-05-27 00:27:31'),
	(1566, 102, '0002', 'PARTITION_ERR', 1000002, '{id:"2f10f0a1"}', '2019-05-27 00:27:31'),
	(1567, 106, '0001', 'LOGIN', 1000005, NULL, '2019-05-27 00:27:31'),
	(1568, 104, '0001', 'LOGIN', 1000009, '{id:"bf99231c"}', '2019-05-27 00:27:31'),
	(1569, 103, '0001', 'LOGOUT', 1000008, '{id:"ca565e50"}', '2019-05-27 00:27:31'),
	(1570, 103, '0001', 'CREATED', 1000009, '{id:"ce4e49c6"}', '2019-05-27 00:27:31'),
	(1571, 109, '0001', 'DELETED', 1000008, '{id:"cfed8c3c"}', '2019-05-27 00:27:31'),
	(1572, 101, '0001', 'UPDATED', 1000003, '{id:"d2e5cec2"}', '2019-05-27 00:27:31'),
	(1573, 102, '0002', 'CHANGED', 1000003, '{id:"dc7d0104"}', '2019-05-27 00:27:31'),
	(1574, 107, '0002', 'RESTART', 1000007, '{id:"e3b87b15"}', '2019-05-27 00:27:31'),
	(1575, 107, '0003', 'GENERATED', 1000003, '{id:"13052ba6"}', '2019-05-27 00:27:31'),
	(1576, 104, '0004', 'ABORTED', 1000002, '{id:"21a3c74c"}', '2019-05-27 00:27:31'),
	(1577, 100, '0002', 'DISK_FULL', 1000003, '{id:"28678bc7"}', '2019-05-27 00:27:31'),
	(1578, 107, '0002', 'PARTITION_ERR', 1000004, '{id:"2f10f0a1"}', '2019-05-27 00:27:31'),
	(1579, 102, '0001', 'LOGIN', 1000009, NULL, '2019-05-27 00:27:31'),
	(1580, 109, '0001', 'LOGIN', 1000009, '{id:"bf99231c"}', '2019-05-27 00:27:31'),
	(1581, 107, '0001', 'LOGOUT', 1000000, '{id:"ca565e50"}', '2019-05-27 00:27:31'),
	(1582, 108, '0001', 'CREATED', 1000000, '{id:"ce4e49c6"}', '2019-05-27 00:27:31'),
	(1583, 109, '0001', 'DELETED', 1000004, '{id:"cfed8c3c"}', '2019-05-27 00:27:31'),
	(1584, 104, '0001', 'UPDATED', 1000007, '{id:"d2e5cec2"}', '2019-05-27 00:27:31'),
	(1585, 104, '0002', 'CHANGED', 1000008, '{id:"dc7d0104"}', '2019-05-27 00:27:31'),
	(1586, 109, '0002', 'RESTART', 1000003, '{id:"e3b87b15"}', '2019-05-27 00:27:31'),
	(1587, 108, '0003', 'GENERATED', 1000000, '{id:"13052ba6"}', '2019-05-27 00:27:31'),
	(1588, 108, '0004', 'ABORTED', 1000008, '{id:"21a3c74c"}', '2019-05-27 00:27:31'),
	(1589, 108, '0002', 'DISK_FULL', 1000008, '{id:"28678bc7"}', '2019-05-27 00:27:31'),
	(1590, 106, '0002', 'PARTITION_ERR', 1000006, '{id:"2f10f0a1"}', '2019-05-27 00:27:31'),
	(1591, 102, '0001', 'LOGIN', 1000002, NULL, '2019-05-27 00:27:31'),
	(1592, 104, '0001', 'LOGIN', 1000003, '{id:"bf99231c"}', '2019-05-27 00:27:31'),
	(1593, 107, '0001', 'LOGOUT', 1000004, '{id:"ca565e50"}', '2019-05-27 00:27:31'),
	(1594, 109, '0001', 'CREATED', 1000004, '{id:"ce4e49c6"}', '2019-05-27 00:27:31'),
	(1595, 102, '0001', 'DELETED', 1000000, '{id:"cfed8c3c"}', '2019-05-27 00:27:31'),
	(1596, 105, '0001', 'UPDATED', 1000004, '{id:"d2e5cec2"}', '2019-05-27 00:27:31'),
	(1597, 108, '0002', 'CHANGED', 1000007, '{id:"dc7d0104"}', '2019-05-27 00:27:31'),
	(1598, 100, '0002', 'RESTART', 1000000, '{id:"e3b87b15"}', '2019-05-27 00:27:31'),
	(1599, 103, '0003', 'GENERATED', 1000002, '{id:"13052ba6"}', '2019-05-27 00:27:31'),
	(1600, 104, '0004', 'ABORTED', 1000002, '{id:"21a3c74c"}', '2019-05-27 00:27:31'),
	(1601, 100, '0002', 'DISK_FULL', 1000006, '{id:"28678bc7"}', '2019-05-27 00:27:31'),
	(1602, 109, '0002', 'PARTITION_ERR', 1000006, '{id:"2f10f0a1"}', '2019-05-27 00:27:31'),
	(1603, 104, '0001', 'LOGIN', 1000003, NULL, '2019-05-27 00:27:31'),
	(1604, 105, '0001', 'LOGIN', 1000004, '{id:"bf99231c"}', '2019-05-27 00:27:31'),
	(1605, 107, '0001', 'LOGOUT', 1000004, '{id:"ca565e50"}', '2019-05-27 00:27:31'),
	(1606, 101, '0001', 'CREATED', 1000002, '{id:"ce4e49c6"}', '2019-05-27 00:27:31'),
	(1607, 106, '0001', 'DELETED', 1000007, '{id:"cfed8c3c"}', '2019-05-27 00:27:31'),
	(1608, 107, '0001', 'UPDATED', 1000005, '{id:"d2e5cec2"}', '2019-05-27 00:27:31'),
	(1609, 103, '0002', 'CHANGED', 1000002, '{id:"dc7d0104"}', '2019-05-27 00:27:31'),
	(1610, 102, '0002', 'RESTART', 1000005, '{id:"e3b87b15"}', '2019-05-27 00:27:31'),
	(1611, 109, '0003', 'GENERATED', 1000009, '{id:"13052ba6"}', '2019-05-27 00:27:31'),
	(1612, 100, '0004', 'ABORTED', 1000001, '{id:"21a3c74c"}', '2019-05-27 00:27:31'),
	(1613, 107, '0002', 'DISK_FULL', 1000002, '{id:"28678bc7"}', '2019-05-27 00:27:31'),
	(1614, 101, '0002', 'PARTITION_ERR', 1000007, '{id:"2f10f0a1"}', '2019-05-27 00:27:31'),
	(1615, 106, '0001', 'LOGIN', 1000006, NULL, '2019-05-27 00:27:31'),
	(1616, 103, '0001', 'LOGIN', 1000009, '{id:"bf99231c"}', '2019-05-27 00:27:31'),
	(1617, 104, '0001', 'LOGOUT', 1000007, '{id:"ca565e50"}', '2019-05-27 00:27:31'),
	(1618, 101, '0001', 'CREATED', 1000006, '{id:"ce4e49c6"}', '2019-05-27 00:27:31'),
	(1619, 105, '0001', 'DELETED', 1000008, '{id:"cfed8c3c"}', '2019-05-27 00:27:31'),
	(1620, 106, '0001', 'UPDATED', 1000006, '{id:"d2e5cec2"}', '2019-05-27 00:27:31'),
	(1621, 101, '0002', 'CHANGED', 1000000, '{id:"dc7d0104"}', '2019-05-27 00:27:31'),
	(1622, 105, '0002', 'RESTART', 1000009, '{id:"e3b87b15"}', '2019-05-27 00:27:31'),
	(1623, 108, '0003', 'GENERATED', 1000002, '{id:"13052ba6"}', '2019-05-27 00:27:31'),
	(1624, 109, '0004', 'ABORTED', 1000000, '{id:"21a3c74c"}', '2019-05-27 00:27:31'),
	(1625, 103, '0002', 'DISK_FULL', 1000007, '{id:"28678bc7"}', '2019-05-27 00:27:31'),
	(1626, 104, '0002', 'PARTITION_ERR', 1000008, '{id:"2f10f0a1"}', '2019-05-27 00:27:31'),
	(1627, 102, '0001', 'LOGIN', 1000004, NULL, '2019-05-27 00:27:31'),
	(1628, 107, '0001', 'LOGIN', 1000003, '{id:"bf99231c"}', '2019-05-27 00:27:31'),
	(1629, 104, '0001', 'LOGOUT', 1000000, '{id:"ca565e50"}', '2019-05-27 00:27:31'),
	(1630, 109, '0001', 'CREATED', 1000007, '{id:"ce4e49c6"}', '2019-05-27 00:27:31'),
	(1631, 107, '0001', 'DELETED', 1000005, '{id:"cfed8c3c"}', '2019-05-27 00:27:31'),
	(1632, 106, '0001', 'UPDATED', 1000005, '{id:"d2e5cec2"}', '2019-05-27 00:27:31'),
	(1633, 108, '0002', 'CHANGED', 1000004, '{id:"dc7d0104"}', '2019-05-27 00:27:31'),
	(1634, 106, '0002', 'RESTART', 1000009, '{id:"e3b87b15"}', '2019-05-27 00:27:31'),
	(1635, 106, '0003', 'GENERATED', 1000006, '{id:"13052ba6"}', '2019-05-27 00:27:31'),
	(1636, 101, '0004', 'ABORTED', 1000009, '{id:"21a3c74c"}', '2019-05-27 00:27:31'),
	(1637, 103, '0002', 'DISK_FULL', 1000009, '{id:"28678bc7"}', '2019-05-27 00:27:31'),
	(1638, 106, '0002', 'PARTITION_ERR', 1000003, '{id:"2f10f0a1"}', '2019-05-27 00:27:31'),
	(1639, 107, '0001', 'LOGIN', 1000009, NULL, '2019-05-27 00:27:31'),
	(1640, 103, '0001', 'LOGIN', 1000009, '{id:"bf99231c"}', '2019-05-27 00:27:31'),
	(1641, 107, '0001', 'LOGOUT', 1000009, '{id:"ca565e50"}', '2019-05-27 00:27:31'),
	(1642, 104, '0001', 'CREATED', 1000005, '{id:"ce4e49c6"}', '2019-05-27 00:27:31'),
	(1643, 104, '0001', 'DELETED', 1000003, '{id:"cfed8c3c"}', '2019-05-27 00:27:31'),
	(1644, 106, '0001', 'UPDATED', 1000009, '{id:"d2e5cec2"}', '2019-05-27 00:27:31'),
	(1645, 107, '0002', 'CHANGED', 1000001, '{id:"dc7d0104"}', '2019-05-27 00:27:31'),
	(1646, 103, '0002', 'RESTART', 1000002, '{id:"e3b87b15"}', '2019-05-27 00:27:31'),
	(1647, 101, '0003', 'GENERATED', 1000000, '{id:"13052ba6"}', '2019-05-27 00:27:31'),
	(1648, 100, '0004', 'ABORTED', 1000007, '{id:"21a3c74c"}', '2019-05-27 00:27:31'),
	(1649, 106, '0002', 'DISK_FULL', 1000002, '{id:"28678bc7"}', '2019-05-27 00:27:31'),
	(1650, 100, '0002', 'PARTITION_ERR', 1000005, '{id:"2f10f0a1"}', '2019-05-27 00:27:31'),
	(1651, 107, '0001', 'LOGIN', 1000000, NULL, '2019-05-27 00:27:31'),
	(1652, 108, '0001', 'LOGIN', 1000000, '{id:"bf99231c"}', '2019-05-27 00:27:31'),
	(1653, 109, '0001', 'LOGOUT', 1000003, '{id:"ca565e50"}', '2019-05-27 00:27:31'),
	(1654, 109, '0001', 'CREATED', 1000005, '{id:"ce4e49c6"}', '2019-05-27 00:27:31'),
	(1655, 109, '0001', 'DELETED', 1000009, '{id:"cfed8c3c"}', '2019-05-27 00:27:31'),
	(1656, 100, '0001', 'UPDATED', 1000004, '{id:"d2e5cec2"}', '2019-05-27 00:27:31'),
	(1657, 108, '0002', 'CHANGED', 1000000, '{id:"dc7d0104"}', '2019-05-27 00:27:31'),
	(1658, 107, '0002', 'RESTART', 1000003, '{id:"e3b87b15"}', '2019-05-27 00:27:31'),
	(1659, 107, '0003', 'GENERATED', 1000004, '{id:"13052ba6"}', '2019-05-27 00:27:31'),
	(1660, 100, '0004', 'ABORTED', 1000001, '{id:"21a3c74c"}', '2019-05-27 00:27:31'),
	(1661, 105, '0002', 'DISK_FULL', 1000000, '{id:"28678bc7"}', '2019-05-27 00:27:31'),
	(1662, 108, '0002', 'PARTITION_ERR', 1000009, '{id:"2f10f0a1"}', '2019-05-27 00:27:31'),
	(1663, 101, '0001', 'LOGIN', 1000008, NULL, '2019-05-27 00:27:31'),
	(1664, 107, '0001', 'LOGIN', 1000002, '{id:"bf99231c"}', '2019-05-27 00:27:31'),
	(1665, 108, '0001', 'LOGOUT', 1000006, '{id:"ca565e50"}', '2019-05-27 00:27:31'),
	(1666, 107, '0001', 'CREATED', 1000009, '{id:"ce4e49c6"}', '2019-05-27 00:27:31'),
	(1667, 103, '0001', 'DELETED', 1000008, '{id:"cfed8c3c"}', '2019-05-27 00:27:31'),
	(1668, 101, '0001', 'UPDATED', 1000001, '{id:"d2e5cec2"}', '2019-05-27 00:27:31'),
	(1669, 102, '0002', 'CHANGED', 1000006, '{id:"dc7d0104"}', '2019-05-27 00:27:31'),
	(1670, 108, '0002', 'RESTART', 1000009, '{id:"e3b87b15"}', '2019-05-27 00:27:31'),
	(1671, 104, '0003', 'GENERATED', 1000004, '{id:"13052ba6"}', '2019-05-27 00:27:31'),
	(1672, 107, '0004', 'ABORTED', 1000004, '{id:"21a3c74c"}', '2019-05-27 00:27:31'),
	(1673, 109, '0002', 'DISK_FULL', 1000005, '{id:"28678bc7"}', '2019-05-27 00:27:31'),
	(1674, 106, '0002', 'PARTITION_ERR', 1000007, '{id:"2f10f0a1"}', '2019-05-27 00:27:31'),
	(1675, 108, '0001', 'LOGIN', 1000000, NULL, '2019-05-27 00:27:31'),
	(1676, 108, '0001', 'LOGIN', 1000008, '{id:"bf99231c"}', '2019-05-27 00:27:31'),
	(1677, 105, '0001', 'LOGOUT', 1000004, '{id:"ca565e50"}', '2019-05-27 00:27:31'),
	(1678, 105, '0001', 'CREATED', 1000003, '{id:"ce4e49c6"}', '2019-05-27 00:27:31'),
	(1679, 100, '0001', 'DELETED', 1000000, '{id:"cfed8c3c"}', '2019-05-27 00:27:31'),
	(1680, 102, '0001', 'UPDATED', 1000002, '{id:"d2e5cec2"}', '2019-05-27 00:27:31'),
	(1681, 102, '0002', 'CHANGED', 1000005, '{id:"dc7d0104"}', '2019-05-27 00:27:31'),
	(1682, 109, '0002', 'RESTART', 1000002, '{id:"e3b87b15"}', '2019-05-27 00:27:31'),
	(1683, 104, '0003', 'GENERATED', 1000004, '{id:"13052ba6"}', '2019-05-27 00:27:31'),
	(1684, 107, '0004', 'ABORTED', 1000006, '{id:"21a3c74c"}', '2019-05-27 00:27:31'),
	(1685, 106, '0002', 'DISK_FULL', 1000006, '{id:"28678bc7"}', '2019-05-27 00:27:31'),
	(1686, 109, '0002', 'PARTITION_ERR', 1000000, '{id:"2f10f0a1"}', '2019-05-27 00:27:31'),
	(1687, 103, '0001', 'LOGIN', 1000007, NULL, '2019-05-27 00:27:31'),
	(1688, 106, '0001', 'LOGIN', 1000000, '{id:"bf99231c"}', '2019-05-27 00:27:31'),
	(1689, 100, '0001', 'LOGOUT', 1000001, '{id:"ca565e50"}', '2019-05-27 00:27:31'),
	(1690, 106, '0001', 'CREATED', 1000006, '{id:"ce4e49c6"}', '2019-05-27 00:27:31'),
	(1691, 105, '0001', 'DELETED', 1000005, '{id:"cfed8c3c"}', '2019-05-27 00:27:31'),
	(1692, 104, '0001', 'UPDATED', 1000002, '{id:"d2e5cec2"}', '2019-05-27 00:27:31'),
	(1693, 108, '0002', 'CHANGED', 1000007, '{id:"dc7d0104"}', '2019-05-27 00:27:31'),
	(1694, 109, '0002', 'RESTART', 1000006, '{id:"e3b87b15"}', '2019-05-27 00:27:31'),
	(1695, 102, '0003', 'GENERATED', 1000004, '{id:"13052ba6"}', '2019-05-27 00:27:31'),
	(1696, 103, '0004', 'ABORTED', 1000002, '{id:"21a3c74c"}', '2019-05-27 00:27:31'),
	(1697, 104, '0002', 'DISK_FULL', 1000005, '{id:"28678bc7"}', '2019-05-27 00:27:31'),
	(1698, 101, '0002', 'PARTITION_ERR', 1000002, '{id:"2f10f0a1"}', '2019-05-27 00:27:31'),
	(1699, 107, '0001', 'LOGIN', 1000000, NULL, '2019-05-27 00:27:31'),
	(1700, 109, '0001', 'LOGIN', 1000004, '{id:"bf99231c"}', '2019-05-27 00:27:31'),
	(1701, 104, '0001', 'LOGOUT', 1000009, '{id:"ca565e50"}', '2019-05-27 00:27:31'),
	(1702, 103, '0001', 'CREATED', 1000008, '{id:"ce4e49c6"}', '2019-05-27 00:27:31'),
	(1703, 101, '0001', 'DELETED', 1000001, '{id:"cfed8c3c"}', '2019-05-27 00:27:31'),
	(1704, 102, '0001', 'UPDATED', 1000009, '{id:"d2e5cec2"}', '2019-05-27 00:27:31'),
	(1705, 101, '0002', 'CHANGED', 1000008, '{id:"dc7d0104"}', '2019-05-27 00:27:31'),
	(1706, 107, '0002', 'RESTART', 1000003, '{id:"e3b87b15"}', '2019-05-27 00:27:31'),
	(1707, 102, '0003', 'GENERATED', 1000001, '{id:"13052ba6"}', '2019-05-27 00:27:31'),
	(1708, 102, '0004', 'ABORTED', 1000006, '{id:"21a3c74c"}', '2019-05-27 00:27:31'),
	(1709, 104, '0002', 'DISK_FULL', 1000003, '{id:"28678bc7"}', '2019-05-27 00:27:31'),
	(1710, 105, '0002', 'PARTITION_ERR', 1000003, '{id:"2f10f0a1"}', '2019-05-27 00:27:31'),
	(1711, 104, '0001', 'LOGIN', 1000000, NULL, '2019-05-27 00:27:31'),
	(1712, 108, '0001', 'LOGIN', 1000000, '{id:"bf99231c"}', '2019-05-27 00:27:31'),
	(1713, 105, '0001', 'LOGOUT', 1000008, '{id:"ca565e50"}', '2019-05-27 00:27:31'),
	(1714, 103, '0001', 'CREATED', 1000005, '{id:"ce4e49c6"}', '2019-05-27 00:27:31'),
	(1715, 103, '0001', 'DELETED', 1000001, '{id:"cfed8c3c"}', '2019-05-27 00:27:31'),
	(1716, 108, '0001', 'UPDATED', 1000008, '{id:"d2e5cec2"}', '2019-05-27 00:27:31'),
	(1717, 107, '0002', 'CHANGED', 1000001, '{id:"dc7d0104"}', '2019-05-27 00:27:31'),
	(1718, 106, '0002', 'RESTART', 1000007, '{id:"e3b87b15"}', '2019-05-27 00:27:31'),
	(1719, 108, '0003', 'GENERATED', 1000009, '{id:"13052ba6"}', '2019-05-27 00:27:31'),
	(1720, 100, '0004', 'ABORTED', 1000005, '{id:"21a3c74c"}', '2019-05-27 00:27:31'),
	(1721, 105, '0002', 'DISK_FULL', 1000001, '{id:"28678bc7"}', '2019-05-27 00:27:31'),
	(1722, 101, '0002', 'PARTITION_ERR', 1000002, '{id:"2f10f0a1"}', '2019-05-27 00:27:31'),
	(1723, 106, '0001', 'LOGIN', 1000005, NULL, '2019-05-27 00:27:31'),
	(1724, 108, '0001', 'LOGIN', 1000005, '{id:"bf99231c"}', '2019-05-27 00:27:31'),
	(1725, 102, '0001', 'LOGOUT', 1000006, '{id:"ca565e50"}', '2019-05-27 00:27:31'),
	(1726, 105, '0001', 'CREATED', 1000006, '{id:"ce4e49c6"}', '2019-05-27 00:27:31'),
	(1727, 108, '0001', 'DELETED', 1000000, '{id:"cfed8c3c"}', '2019-05-27 00:27:31'),
	(1728, 109, '0001', 'UPDATED', 1000004, '{id:"d2e5cec2"}', '2019-05-27 00:27:31'),
	(1729, 104, '0002', 'CHANGED', 1000000, '{id:"dc7d0104"}', '2019-05-27 00:27:31'),
	(1730, 107, '0002', 'RESTART', 1000006, '{id:"e3b87b15"}', '2019-05-27 00:27:31'),
	(1731, 109, '0003', 'GENERATED', 1000007, '{id:"13052ba6"}', '2019-05-27 00:27:31'),
	(1732, 100, '0004', 'ABORTED', 1000008, '{id:"21a3c74c"}', '2019-05-27 00:27:31'),
	(1733, 102, '0002', 'DISK_FULL', 1000007, '{id:"28678bc7"}', '2019-05-27 00:27:31'),
	(1734, 108, '0002', 'PARTITION_ERR', 1000009, '{id:"2f10f0a1"}', '2019-05-27 00:27:31'),
	(1735, 101, '0001', 'LOGIN', 1000009, NULL, '2019-05-27 00:27:31'),
	(1736, 101, '0001', 'LOGIN', 1000009, '{id:"bf99231c"}', '2019-05-27 00:27:31'),
	(1737, 105, '0001', 'LOGOUT', 1000007, '{id:"ca565e50"}', '2019-05-27 00:27:31'),
	(1738, 101, '0001', 'CREATED', 1000003, '{id:"ce4e49c6"}', '2019-05-27 00:27:31'),
	(1739, 103, '0001', 'DELETED', 1000008, '{id:"cfed8c3c"}', '2019-05-27 00:27:31'),
	(1740, 100, '0001', 'UPDATED', 1000008, '{id:"d2e5cec2"}', '2019-05-27 00:27:31'),
	(1741, 100, '0002', 'CHANGED', 1000005, '{id:"dc7d0104"}', '2019-05-27 00:27:31'),
	(1742, 107, '0002', 'RESTART', 1000002, '{id:"e3b87b15"}', '2019-05-27 00:27:31'),
	(1743, 106, '0003', 'GENERATED', 1000008, '{id:"13052ba6"}', '2019-05-27 00:27:31'),
	(1744, 100, '0004', 'ABORTED', 1000006, '{id:"21a3c74c"}', '2019-05-27 00:27:31'),
	(1745, 103, '0002', 'DISK_FULL', 1000007, '{id:"28678bc7"}', '2019-05-27 00:27:31'),
	(1746, 108, '0002', 'PARTITION_ERR', 1000007, '{id:"2f10f0a1"}', '2019-05-27 00:27:31'),
	(1747, 102, '0001', 'LOGIN', 1000001, NULL, '2019-05-27 00:27:31'),
	(1748, 100, '0001', 'LOGIN', 1000006, '{id:"bf99231c"}', '2019-05-27 00:27:31'),
	(1749, 102, '0001', 'LOGOUT', 1000000, '{id:"ca565e50"}', '2019-05-27 00:27:31'),
	(1750, 106, '0001', 'CREATED', 1000009, '{id:"ce4e49c6"}', '2019-05-27 00:27:31'),
	(1751, 100, '0001', 'DELETED', 1000004, '{id:"cfed8c3c"}', '2019-05-27 00:27:31'),
	(1752, 109, '0001', 'UPDATED', 1000005, '{id:"d2e5cec2"}', '2019-05-27 00:27:31'),
	(1753, 107, '0002', 'CHANGED', 1000002, '{id:"dc7d0104"}', '2019-05-27 00:27:31'),
	(1754, 100, '0002', 'RESTART', 1000003, '{id:"e3b87b15"}', '2019-05-27 00:27:31'),
	(1755, 104, '0003', 'GENERATED', 1000004, '{id:"13052ba6"}', '2019-05-27 00:27:31'),
	(1756, 108, '0004', 'ABORTED', 1000008, '{id:"21a3c74c"}', '2019-05-27 00:27:31'),
	(1757, 107, '0002', 'DISK_FULL', 1000000, '{id:"28678bc7"}', '2019-05-27 00:27:31'),
	(1758, 100, '0002', 'PARTITION_ERR', 1000001, '{id:"2f10f0a1"}', '2019-05-27 00:27:31'),
	(1759, 104, '0001', 'LOGIN', 1000000, NULL, '2019-05-27 00:27:31'),
	(1760, 106, '0001', 'LOGIN', 1000002, '{id:"bf99231c"}', '2019-05-27 00:27:31'),
	(1761, 101, '0001', 'LOGOUT', 1000000, '{id:"ca565e50"}', '2019-05-27 00:27:31'),
	(1762, 100, '0001', 'CREATED', 1000007, '{id:"ce4e49c6"}', '2019-05-27 00:27:31'),
	(1763, 108, '0001', 'DELETED', 1000008, '{id:"cfed8c3c"}', '2019-05-27 00:27:31'),
	(1764, 107, '0001', 'UPDATED', 1000000, '{id:"d2e5cec2"}', '2019-05-27 00:27:31'),
	(1765, 108, '0002', 'CHANGED', 1000004, '{id:"dc7d0104"}', '2019-05-27 00:27:31'),
	(1766, 106, '0002', 'RESTART', 1000007, '{id:"e3b87b15"}', '2019-05-27 00:27:31'),
	(1767, 107, '0003', 'GENERATED', 1000003, '{id:"13052ba6"}', '2019-05-27 00:27:31'),
	(1768, 108, '0004', 'ABORTED', 1000008, '{id:"21a3c74c"}', '2019-05-27 00:27:31'),
	(1769, 109, '0002', 'DISK_FULL', 1000003, '{id:"28678bc7"}', '2019-05-27 00:27:31'),
	(1770, 106, '0002', 'PARTITION_ERR', 1000002, '{id:"2f10f0a1"}', '2019-05-27 00:27:31'),
	(1771, 101, '0001', 'LOGIN', 1000009, NULL, '2019-05-27 00:27:31'),
	(1772, 104, '0001', 'LOGIN', 1000004, '{id:"bf99231c"}', '2019-05-27 00:27:31'),
	(1773, 108, '0001', 'LOGOUT', 1000000, '{id:"ca565e50"}', '2019-05-27 00:27:31'),
	(1774, 106, '0001', 'CREATED', 1000009, '{id:"ce4e49c6"}', '2019-05-27 00:27:31'),
	(1775, 106, '0001', 'DELETED', 1000006, '{id:"cfed8c3c"}', '2019-05-27 00:27:31'),
	(1776, 102, '0001', 'UPDATED', 1000001, '{id:"d2e5cec2"}', '2019-05-27 00:27:31'),
	(1777, 109, '0002', 'CHANGED', 1000004, '{id:"dc7d0104"}', '2019-05-27 00:27:31'),
	(1778, 103, '0002', 'RESTART', 1000003, '{id:"e3b87b15"}', '2019-05-27 00:27:31'),
	(1779, 105, '0003', 'GENERATED', 1000008, '{id:"13052ba6"}', '2019-05-27 00:27:31'),
	(1780, 104, '0004', 'ABORTED', 1000005, '{id:"21a3c74c"}', '2019-05-27 00:27:31'),
	(1781, 107, '0002', 'DISK_FULL', 1000008, '{id:"28678bc7"}', '2019-05-27 00:27:31'),
	(1782, 100, '0002', 'PARTITION_ERR', 1000007, '{id:"2f10f0a1"}', '2019-05-27 00:27:31');
/*!40000 ALTER TABLE `adt_audit` ENABLE KEYS */;

-- 테이블 sb201.adt_audit_detail 구조 내보내기
CREATE TABLE IF NOT EXISTS `adt_audit_detail` (
  `detail_id` bigint(20) NOT NULL AUTO_INCREMENT,
  `audit_id` bigint(20) NOT NULL,
  `detail` varchar(4096) NOT NULL,
  PRIMARY KEY (`detail_id`),
  KEY `ix_adtAuditDetail` (`audit_id`),
  CONSTRAINT `fk_adtAuditDetail_auditID` FOREIGN KEY (`audit_id`) REFERENCES `adt_audit` (`audit_id`) ON DELETE CASCADE ON UPDATE CASCADE
) ENGINE=InnoDB AUTO_INCREMENT=4 DEFAULT CHARSET=utf8;

-- 테이블 데이터 sb201.adt_audit_detail:~3 rows (대략적) 내보내기
/*!40000 ALTER TABLE `adt_audit_detail` DISABLE KEYS */;
INSERT INTO `adt_audit_detail` (`detail_id`, `audit_id`, `detail`) VALUES
	(1, 5, 'a1'),
	(2, 5, 'a2'),
	(3, 5, 'a3');
/*!40000 ALTER TABLE `adt_audit_detail` ENABLE KEYS */;

-- 테이블 sb201.mbr_member 구조 내보내기
CREATE TABLE IF NOT EXISTS `mbr_member` (
  `member_id` bigint(20) NOT NULL AUTO_INCREMENT,
  `group_id` bigint(20) NOT NULL DEFAULT 0,
  `username` varchar(32) NOT NULL,
  `email` varchar(256) NOT NULL,
  `name` varchar(64) NOT NULL,
  `enabled` bit(1) NOT NULL DEFAULT b'0',
  `timezone` varchar(64) NOT NULL DEFAULT '',
  `password` varchar(72) NOT NULL DEFAULT '',
  `login_count` int(11) unsigned NOT NULL DEFAULT 0,
  `failed_login_count` int(11) unsigned NOT NULL DEFAULT 0,
  `last_success_login` datetime NOT NULL DEFAULT '1970-01-01 00:00:00',
  `last_failed_login` datetime NOT NULL DEFAULT '1970-01-01 00:00:00',
  `last_read_message` int(11) unsigned NOT NULL DEFAULT 0,
  `last_password_change` datetime NOT NULL DEFAULT current_timestamp(),
  `session_id` varchar(64) NOT NULL DEFAULT '',
  `created` datetime NOT NULL DEFAULT current_timestamp(),
  `updated` datetime NOT NULL DEFAULT current_timestamp(),
  PRIMARY KEY (`member_id`),
  UNIQUE KEY `username` (`username`)
) ENGINE=InnoDB AUTO_INCREMENT=161 DEFAULT CHARSET=utf8;

-- 테이블 데이터 sb201.mbr_member:~26 rows (대략적) 내보내기
/*!40000 ALTER TABLE `mbr_member` DISABLE KEYS */;
INSERT INTO `mbr_member` (`member_id`, `group_id`, `username`, `email`, `name`, `enabled`, `timezone`, `password`, `login_count`, `failed_login_count`, `last_success_login`, `last_failed_login`, `last_read_message`, `last_password_change`, `session_id`, `created`, `updated`) VALUES
	(1, 0, 'devplayg', 'wsan@devplayg.comxxx333', 'Unisem Inc.', b'1', 'Pacific/Palau', '$2a$10$N0eqNiuikWCy9ETQ1rdau.XEELcyEO7kukkfoiNISk/9F7gw6eB0W', 0, 0, '1970-01-01 00:00:00', '1970-01-01 00:00:00', 0, '2019-05-20 09:08:39', '', '2019-05-20 09:08:42', '2019-05-20 09:08:42'),
	(7, 0, 'wsan', 'wsan@devplayg.com', 'WON SEOK AHN', b'1', 'Asia/Seoul', '$2a$10$GlvWBXaZofGoTNMQtGiqEekZoo9ro8wsg11E45DnQcVcGLq6I1XX6', 0, 0, '1970-01-01 00:00:00', '1970-01-01 00:00:00', 0, '2019-05-20 05:30:57', '', '2019-05-20 05:30:57', '2019-05-20 05:30:57'),
	(17, 0, 'wsan1', 'wsan@devplayg.com', 'WON SEOK AHN', b'0', 'Etc/GMT-5', '$2a$10$GlvWBXaZofGoTNMQtGiqEekZoo9ro8wsg11E45DnQcVcGLq6I1XX6', 0, 0, '1970-01-01 00:00:00', '1970-01-01 00:00:00', 0, '2019-05-20 05:44:43', '', '2019-05-20 05:44:43', '2019-05-20 05:44:43'),
	(22, 0, 'wsan5', 'wsan@devplayg.com', 'WON SEOK AHN', b'0', 'Asia/Seoul', '$2a$10$vpUGVHp3WF2pGG.731IzCeK6wNwh1xZ7eA.CMLlXLZsuP75xVFmwC', 0, 0, '1970-01-01 00:00:00', '1970-01-01 00:00:00', 0, '2019-05-20 10:08:55', '', '2019-05-20 10:08:55', '2019-05-20 10:08:55'),
	(24, 0, 'wsan6', 'wsan@devplayg.com', 'WON SEOK AHN', b'0', 'Asia/Seoul', '$2a$10$DLSeGPKAN7XotOcaIXVTUeTQkVTTCQWYCNwVAniBlrw5F3rEIkjs6', 0, 0, '1970-01-01 00:00:00', '1970-01-01 00:00:00', 0, '2019-05-20 10:09:25', '', '2019-05-20 10:09:25', '2019-05-20 10:09:25'),
	(26, 0, 'wsan7', 'wsan@devplayg.com', 'WON SEOK AHN', b'1', 'Etc/GMT-8', '$2a$10$cerys8D.mKXojn/J6U80Jexv8wYDwzwS/XOHr0YSbuWPYfF9XIope', 0, 0, '1970-01-01 00:00:00', '1970-01-01 00:00:00', 0, '2019-05-20 10:12:21', '', '2019-05-20 10:12:21', '2019-05-20 10:12:21'),
	(36, 0, 'wsan8', 'wsan@devplayg.com', 'WON SEOK AHN', b'0', 'Asia/Seoul', '$2a$10$kys28awdS97HMk2QMJPyU.3XXnYE73LN8fhIB5pEDCyL0HlLph9d.', 0, 0, '1970-01-01 00:00:00', '1970-01-01 00:00:00', 0, '2019-05-20 10:26:04', '', '2019-05-20 10:26:04', '2019-05-20 10:26:04'),
	(37, 0, 'wsan9', 'wsan@devplayg.com', 'WON SEOK AHN', b'0', 'Asia/Seoul', '$2a$10$shniuc15LqoWg42oC5uIx.McbPPb9LgxI7DizQNPL9jHtMP2hu6Yy', 0, 0, '1970-01-01 00:00:00', '1970-01-01 00:00:00', 0, '2019-05-20 10:26:13', '', '2019-05-20 10:26:13', '2019-05-20 10:26:13'),
	(38, 0, 'wsan10', 'wsan@devplayg.com', 'WON SEOK AHN', b'0', 'Asia/Seoul', '$2a$10$Av.5slXxdA/s.Np9AI4A.e6JuBiVOglLLetLw4.IQGlLdc8c5.MNe', 0, 0, '1970-01-01 00:00:00', '1970-01-01 00:00:00', 0, '2019-05-21 06:31:54', '', '2019-05-21 06:31:54', '2019-05-21 06:31:54'),
	(39, 0, 'wsan11', 'wsan@devplayg.com', 'WON SEOK AHN', b'0', 'Asia/Seoul', '$2a$10$MoZWcKsHePiEif8w3q7VVuHOIVtGbl8SrVgtBlRGHdATHFz.P4.ru', 0, 0, '1970-01-01 00:00:00', '1970-01-01 00:00:00', 0, '2019-05-21 06:32:04', '', '2019-05-21 06:32:04', '2019-05-21 06:32:04'),
	(45, 0, 'wsan20', 'wsan@devplayg.com', 'WON SEOK AHN', b'0', 'Asia/Seoul', '$2a$10$.NMutOGi4qJdqEo53OepqO0lJ2epePL3tMFyJqH8rXDpLHa10LgPW', 0, 0, '1970-01-01 00:00:00', '1970-01-01 00:00:00', 0, '2019-05-21 07:09:26', '', '2019-05-21 07:09:26', '2019-05-21 07:09:26'),
	(46, 0, 'wsan21', 'wsan@devplayg.com', 'WON SEOK AHN', b'0', 'Asia/Seoul', '$2a$10$bXTjon/OIN55JhPTJEFRqOFzhrCWDzWcuVEDy7mTBcDFw/0n7VFPe', 0, 0, '1970-01-01 00:00:00', '1970-01-01 00:00:00', 0, '2019-05-21 07:09:29', '', '2019-05-21 07:09:29', '2019-05-21 07:09:29'),
	(48, 0, 'wsan22', 'wsan@devplayg.com', 'WON SEOK AHN', b'0', 'Asia/Seoul', '$2a$10$JKSI84OonfS.2iDxrGjGXuIMWvzVP85Kt0Q.1bjnUwSRqNaDSoSAi', 0, 0, '1970-01-01 00:00:00', '1970-01-01 00:00:00', 0, '2019-05-21 07:09:32', '', '2019-05-21 07:09:32', '2019-05-21 07:09:32'),
	(59, 0, 'wsan23', 'wsan@devplayg.com', 'WON SEOK AHN', b'0', 'Asia/Seoul', '$2a$10$KCUoyb4fDg7x8HNyHWgM5Ou5T4VIumNyNm/MuRaGJvhyAvN/tlrva', 0, 0, '1970-01-01 00:00:00', '1970-01-01 00:00:00', 0, '2019-05-21 07:10:09', '', '2019-05-21 07:10:09', '2019-05-21 07:10:09'),
	(63, 0, 'wsan24', 'wsan@devplayg.com', 'WON SEOK AHN', b'0', 'Asia/Seoul', '$2a$10$t5n9QKiYt5v3lKpU2Yb93.UrBR/Tx.KSlXCAoNhzLFgkU56LJVPLu', 0, 0, '1970-01-01 00:00:00', '1970-01-01 00:00:00', 0, '2019-05-21 07:13:08', '', '2019-05-21 07:13:08', '2019-05-21 07:13:08'),
	(71, 0, 'wsanxx', 'wsan@devplayg.com', 'WON SEOK AHNxxx', b'0', 'Asia/Seoul', '$2a$10$rort1MO4cuocz3u0PvZiiOFeP6n5EmPl9CjwT0l0EtbGpvN2dcNOW', 0, 0, '1970-01-01 00:00:00', '1970-01-01 00:00:00', 0, '2019-05-23 01:28:59', '', '2019-05-23 01:28:59', '2019-05-23 01:30:58'),
	(83, 0, 'xxxxl', 'xxxxl@a.com', 'xxxxl', b'0', 'Asia/Seoul', '$2a$10$hb8gXVzgN.mZKlHEtNmnK.M6a.hYafLlVLm3wOeyh4PEiFvZujZuy', 0, 0, '1970-01-01 00:00:00', '1970-01-01 00:00:00', 0, '2019-05-23 02:39:28', '', '2019-05-23 02:39:28', '2019-05-23 02:39:28'),
	(95, 0, 'leejoo', 'leejoo@leejoo.com', 'leejoo', b'1', 'Asia/Seoul', '$2a$10$I5iuPWhGet0ANhU/Q2eDdOFB87FMftCWhgRvCeyQci.EhFPWK2Hku', 0, 0, '1970-01-01 00:00:00', '1970-01-01 00:00:00', 0, '2019-05-23 04:18:12', '', '2019-05-23 04:18:12', '2019-05-23 04:18:12'),
	(103, 0, 'ConstraintV', 'ConstraintV@ConstraintV.com', 'ConstraintV', b'0', 'Asia/Seoul', '$2a$10$OwKukqXQUBW59WQ3nDztFeMrgSPo.qLtUwrcoY0.M7OERb6c2xgkW', 0, 0, '1970-01-01 00:00:00', '1970-01-01 00:00:00', 0, '2019-05-23 04:19:21', '', '2019-05-23 04:19:21', '2019-05-23 04:19:21'),
	(114, 0, 'msgxxx', 'wsan@devplayg.com', 'WON SEOK AHN', b'0', 'Asia/Seoul', '$2a$10$IEn2Pnp7UdbngzDtbHfq/uOa4uaVPKnIM7HRysdFbmfdjaQKWMvIW', 0, 0, '1970-01-01 00:00:00', '1970-01-01 00:00:00', 0, '2019-05-23 04:23:08', '', '2019-05-23 04:23:08', '2019-05-23 04:23:08'),
	(144, 0, 'msgxxx3444', 'wsan@devplayg.com', 'WON SEOK AHN', b'0', 'Asia/Seoul', '$2a$10$J8ArV5Fp0QQ3ckwFHJLGku3VeeyZLqWQd.AjmnrIW1t6cefTOuYCm', 0, 0, '1970-01-01 00:00:00', '1970-01-01 00:00:00', 0, '2019-05-23 05:06:26', '', '2019-05-23 05:06:26', '2019-05-23 05:06:26'),
	(146, 0, 'wsahn39xxx', 'a@a.com', 'dafasdf', b'0', 'Asia/Seoul', '$2a$10$BGhewuezAiO9nOTIQyeLluNyvGQzHdMcFcj3HhscD6UDeS88x41Fe', 0, 0, '1970-01-01 00:00:00', '1970-01-01 00:00:00', 0, '2019-05-23 05:08:42', '', '2019-05-23 05:08:42', '2019-05-23 05:08:42'),
	(147, 0, 'dain', 'dain@dain.com', 'dain', b'0', 'Asia/Seoul', '$2a$10$dJQh0cfishBOuKIO5T0hHe6YQ1jNZTn5Arho1TW16De2sOZlwTzqG', 0, 0, '1970-01-01 00:00:00', '1970-01-01 00:00:00', 0, '2019-05-23 06:18:31', '', '2019-05-23 06:18:31', '2019-05-23 06:18:31'),
	(158, 0, 'enumxxx', 'enumxxx@a.com', 'enumxxx', b'0', 'Asia/Seoul', '$2a$10$o.pUlGLkH6yuqw7/gxx8NuHKwmJATjq2Kb5rX3ZwcKUjbodxs3u5S', 0, 0, '1970-01-01 00:00:00', '1970-01-01 00:00:00', 0, '2019-05-24 08:09:29', '', '2019-05-24 08:09:29', '2019-05-24 08:09:29'),
	(159, 0, 'saturday', 'saturday@a.com', 'saturday', b'0', 'Asia/Seoul', '$2a$10$QwJiUbnEV06fFBScS9vP5OB5HmIk8wGeBzCnf3CtKWVPPsbQ.H4mO', 0, 0, '1970-01-01 00:00:00', '1970-01-01 00:00:00', 0, '2019-05-24 08:37:20', '', '2019-05-24 08:37:20', '2019-05-24 08:37:20'),
	(160, 0, 'jisoo', 'jisoo@a.coma', 'jisoo', b'0', 'Asia/Seoul', '$2a$10$VzrLK3QcmzNl2I3l9m0q3und7s0IzwUA.hARjKf5J8QzUsxmhtqha', 0, 0, '1970-01-01 00:00:00', '1970-01-01 00:00:00', 0, '2019-05-26 02:36:42', '', '2019-05-26 02:36:42', '2019-05-26 02:36:42');
/*!40000 ALTER TABLE `mbr_member` ENABLE KEYS */;

-- 테이블 sb201.mbr_role 구조 내보내기
CREATE TABLE IF NOT EXISTS `mbr_role` (
  `role_id` bigint(20) NOT NULL AUTO_INCREMENT,
  `member_id` bigint(20) NOT NULL,
  `role` varchar(32) NOT NULL,
  `created` datetime NOT NULL DEFAULT current_timestamp(),
  PRIMARY KEY (`role_id`),
  KEY `fk_mbrRole_memberID` (`member_id`),
  CONSTRAINT `fk_mbrRole_memberID` FOREIGN KEY (`member_id`) REFERENCES `mbr_member` (`member_id`) ON DELETE CASCADE ON UPDATE CASCADE
) ENGINE=InnoDB AUTO_INCREMENT=204 DEFAULT CHARSET=utf8;

-- 테이블 데이터 sb201.mbr_role:~64 rows (대략적) 내보내기
/*!40000 ALTER TABLE `mbr_role` DISABLE KEYS */;
INSERT INTO `mbr_role` (`role_id`, `member_id`, `role`, `created`) VALUES
	(16, 22, 'ADMIN', '2019-05-20 10:08:55'),
	(17, 22, 'SHERIFF', '2019-05-20 10:08:55'),
	(18, 22, 'USER', '2019-05-20 10:08:55'),
	(22, 26, 'ADMIN', '2019-05-20 10:12:21'),
	(23, 26, 'SHERIFF', '2019-05-20 10:12:21'),
	(24, 26, 'USER', '2019-05-20 10:12:21'),
	(25, 36, 'ADMIN', '2019-05-20 10:26:04'),
	(26, 36, 'SHERIFF', '2019-05-20 10:26:04'),
	(27, 36, 'USER', '2019-05-20 10:26:04'),
	(28, 37, 'ADMIN', '2019-05-20 10:26:13'),
	(29, 37, 'SHERIFF', '2019-05-20 10:26:13'),
	(30, 37, 'USER', '2019-05-20 10:26:13'),
	(31, 38, 'ADMIN', '2019-05-21 06:31:54'),
	(32, 38, 'SHERIFF', '2019-05-21 06:31:54'),
	(33, 38, 'USER', '2019-05-21 06:31:54'),
	(34, 39, 'ADMIN', '2019-05-21 06:32:04'),
	(35, 39, 'SHERIFF', '2019-05-21 06:32:04'),
	(36, 39, 'USER', '2019-05-21 06:32:04'),
	(37, 45, 'ADMIN', '2019-05-21 07:09:26'),
	(38, 45, 'SHERIFF', '2019-05-21 07:09:26'),
	(39, 45, 'USER', '2019-05-21 07:09:26'),
	(40, 46, 'ADMIN', '2019-05-21 07:09:29'),
	(41, 46, 'SHERIFF', '2019-05-21 07:09:29'),
	(42, 46, 'USER', '2019-05-21 07:09:29'),
	(43, 48, 'ADMIN', '2019-05-21 07:09:32'),
	(44, 48, 'SHERIFF', '2019-05-21 07:09:32'),
	(45, 48, 'USER', '2019-05-21 07:09:32'),
	(46, 59, 'ADMIN', '2019-05-21 07:10:09'),
	(47, 59, 'SHERIFF', '2019-05-21 07:10:09'),
	(48, 59, 'USER', '2019-05-21 07:10:09'),
	(49, 63, 'ADMIN', '2019-05-21 07:13:08'),
	(50, 63, 'SHERIFF', '2019-05-21 07:13:08'),
	(51, 63, 'USER', '2019-05-21 07:13:08'),
	(97, 7, 'USER', '2019-05-21 10:25:10'),
	(98, 1, 'ADMIN', '2019-05-21 23:53:41'),
	(99, 1, 'SHERIFF', '2019-05-21 23:53:41'),
	(100, 1, 'USER', '2019-05-21 23:53:41'),
	(107, 71, 'ADMIN', '2019-05-23 01:30:58'),
	(108, 71, 'SHERIFF', '2019-05-23 01:30:58'),
	(109, 71, 'USER', '2019-05-23 01:30:58'),
	(113, 83, 'ADMIN', '2019-05-23 02:39:38'),
	(114, 83, 'USER', '2019-05-23 02:39:38'),
	(117, 95, 'ADMIN', '2019-05-23 04:18:12'),
	(118, 95, 'SHERIFF', '2019-05-23 04:18:12'),
	(119, 95, 'USER', '2019-05-23 04:18:12'),
	(127, 103, 'ADMIN', '2019-05-23 04:19:21'),
	(138, 114, 'ADMIN', '2019-05-23 04:23:08'),
	(139, 114, 'SHERIFF', '2019-05-23 04:23:08'),
	(140, 114, 'USER', '2019-05-23 04:23:08'),
	(153, 144, 'ADMIN', '2019-05-23 05:06:26'),
	(154, 144, 'SHERIFF', '2019-05-23 05:06:26'),
	(155, 144, 'USER', '2019-05-23 05:06:26'),
	(156, 146, 'ADMIN', '2019-05-23 05:08:42'),
	(157, 146, 'USER', '2019-05-23 05:08:42'),
	(158, 24, 'ADMIN', '2019-05-23 05:18:02'),
	(159, 24, 'USER', '2019-05-23 05:18:02'),
	(164, 147, 'ADMIN', '2019-05-23 06:18:31'),
	(165, 147, 'SHERIFF', '2019-05-23 06:18:31'),
	(166, 147, 'USER', '2019-05-23 06:18:31'),
	(182, 158, 'ADMIN', '2019-05-24 08:09:37'),
	(183, 158, 'USER', '2019-05-24 08:09:37'),
	(186, 159, 'SHERIFF', '2019-05-24 08:37:28'),
	(202, 160, 'ADMIN', '2019-05-26 10:51:41'),
	(203, 160, 'USER', '2019-05-26 10:51:41');
/*!40000 ALTER TABLE `mbr_role` ENABLE KEYS */;

/*!40101 SET SQL_MODE=IFNULL(@OLD_SQL_MODE, '') */;
/*!40014 SET FOREIGN_KEY_CHECKS=IF(@OLD_FOREIGN_KEY_CHECKS IS NULL, 1, @OLD_FOREIGN_KEY_CHECKS) */;
/*!40101 SET CHARACTER_SET_CLIENT=@OLD_CHARACTER_SET_CLIENT */;
